-- phpMyAdmin SQL Dump
-- version 4.2.11
-- http://www.phpmyadmin.net
--
-- Host: 127.0.0.1
-- Generation Time: Giu 21, 2015 alle 11:19
-- Versione del server: 5.6.21
-- PHP Version: 5.6.3

SET SQL_MODE = "NO_AUTO_VALUE_ON_ZERO";
SET time_zone = "+00:00";


/*!40101 SET @OLD_CHARACTER_SET_CLIENT=@@CHARACTER_SET_CLIENT */;
/*!40101 SET @OLD_CHARACTER_SET_RESULTS=@@CHARACTER_SET_RESULTS */;
/*!40101 SET @OLD_COLLATION_CONNECTION=@@COLLATION_CONNECTION */;
/*!40101 SET NAMES utf8 */;

--
-- Database: `ffstory_frasi`
--

-- --------------------------------------------------------

--
-- Struttura della tabella `app_frs_capitoli`
--

CREATE TABLE IF NOT EXISTS `app_frs_capitoli` (
`IdCapitolo` int(11) NOT NULL,
  `NomeCapitolo` varchar(255) DEFAULT NULL,
  `ordine` int(11) DEFAULT NULL
) ENGINE=MyISAM AUTO_INCREMENT=19 DEFAULT CHARSET=utf8;

--
-- Dump dei dati per la tabella `app_frs_capitoli`
--

INSERT INTO `app_frs_capitoli` (`IdCapitolo`, `NomeCapitolo`, `ordine`) VALUES
(1, 'Final Fantasy I', 1),
(2, 'Final Fantasy II', 2),
(3, 'Final Fantasy III', 3),
(4, 'Final Fantasy IV', 4),
(5, 'Final Fantasy V', 5),
(6, 'Final Fantasy VI', 6),
(7, 'Final Fantasy VII', 7),
(8, 'Final Fantasy VIII', 10),
(9, 'Final Fantasy IX', 11),
(10, 'Final Fantasy X', 12),
(11, 'Final Fantasy XI', 14),
(12, 'Final Fantasy XII', 15),
(13, 'Final Fantasy XIII', 16),
(14, 'Final Fantasy XIV', 17),
(15, 'Final Fantasy VII Crisis Core', 8),
(16, 'Final Fantasy VII Advent Children', 9),
(17, 'Dissidia Final Fantasy', 0),
(18, 'Final Fantasy X-2', 13);

-- --------------------------------------------------------

--
-- Struttura della tabella `app_frs_eroi`
--

CREATE TABLE IF NOT EXISTS `app_frs_eroi` (
`IdEroe` int(11) NOT NULL,
  `NomeEroe` varchar(255) DEFAULT NULL,
  `IdCapitoli` int(11) NOT NULL
) ENGINE=MyISAM AUTO_INCREMENT=140 DEFAULT CHARSET=utf8;

--
-- Dump dei dati per la tabella `app_frs_eroi`
--

INSERT INTO `app_frs_eroi` (`IdEroe`, `NomeEroe`, `IdCapitoli`) VALUES
(1, 'Cloud', 7),
(2, 'Squall', 8),
(3, 'Tidus', 10),
(4, 'Aeris', 7),
(7, 'Tifa', 7),
(8, 'Barret', 7),
(9, 'Garland', 1),
(10, 'Bahamut', 1),
(11, 'Fusoya', 4),
(12, 'Yang', 4),
(13, 'Kluya', 4),
(14, 'Cain', 4),
(15, 'Celes', 6),
(16, 'Locke', 6),
(17, 'Kefka', 6),
(18, 'Setzer', 6),
(19, 'Duncan', 6),
(20, 'Shadow', 6),
(21, 'Strago', 6),
(22, 'Terra', 6),
(23, 'Sephiroth', 7),
(24, 'Kadaj', 16),
(25, 'Cloud', 16),
(26, 'Aeris', 16),
(27, 'Sephiroth', 16),
(28, 'Vincent', 16),
(29, 'Cid', 7),
(30, 'Caith Sith', 7),
(31, 'Mamma di Aeris', 7),
(32, 'Yuffie', 7),
(33, 'Bugenhagen', 7),
(34, 'Zack', 15),
(35, 'Lazard', 15),
(36, 'Sephiroth', 15),
(37, 'Genesis', 15),
(38, 'Angeal', 15),
(39, 'Cissnei', 15),
(40, 'Zell', 8),
(41, 'Selphie', 8),
(42, 'Irvine', 8),
(43, 'Quistis', 8),
(44, 'Rinoa', 8),
(45, 'Seifer', 8),
(46, 'Edea', 8),
(47, 'Artemisia', 8),
(48, 'Ellione', 8),
(49, 'Laguna', 8),
(50, 'Dott.ssa Kadowaki', 8),
(51, 'Squall', 17),
(52, 'Firion', 17),
(53, 'Cloud', 17),
(54, 'Sephiroth', 17),
(55, 'Jecht', 17),
(56, 'Guerriero della Luce', 17),
(57, 'Introduzione FF I', 1),
(58, 'Introduzione FF II', 2),
(59, 'Narratore', 17),
(60, 'Imperatore', 2),
(61, 'Minwu', 2),
(62, 'Nube Oscura', 3),
(63, 'Xande', 3),
(64, 'Mog', 6),
(65, 'Gau', 6),
(66, 'Ultros', 6),
(67, 'Dama di corte', 6),
(68, 'Sabin', 6),
(69, 'Edgar', 6),
(70, 'Biggs', 6),
(71, 'Aeris', 15),
(72, 'Rufus', 7),
(73, 'Yuffie', 7),
(74, 'Vincent', 7),
(75, 'Palmer', 7),
(76, 'Dyne', 7),
(77, 'Loveless', 15),
(78, 'Giulia', 8),
(79, 'Gidan', 9),
(80, 'Garnet', 9),
(81, 'Eiko', 9),
(82, 'Steiner', 9),
(83, 'Quina', 9),
(84, 'Amarant', 9),
(85, 'Vivi', 9),
(86, 'Granduca Cid', 9),
(87, 'Freija', 9),
(88, 'Er Cina', 9),
(89, 'Kal&ograve;', 9),
(90, 'Blank', 9),
(91, 'Kuja', 9),
(92, 'Garland', 9),
(93, 'Trivia', 9),
(94, 'Stilzkin', 9),
(95, 'Flatrey', 9),
(96, 'Quan', 9),
(97, 'Mogu', 9),
(98, 'Tidus', 10),
(99, 'Yuna', 10),
(100, 'Rikku', 10),
(101, 'Auron', 10),
(102, 'Wakka', 10),
(103, 'Kimahri', 10),
(104, 'Lulu', 10),
(105, 'Jecht', 10),
(106, 'Seymour', 10),
(107, 'Yunalesca', 10),
(108, 'Intercessore', 10),
(109, 'Maestro Mika', 10),
(110, 'Maestro Jyscal', 10),
(111, 'Yuna', 18),
(112, 'Rikku', 18),
(113, 'Paine', 18),
(114, 'Nooj', 18),
(115, 'Wakka', 18),
(116, 'Vaan', 12),
(117, 'Balthier', 12),
(118, 'Penelo', 12),
(119, 'Basch', 12),
(120, 'Gabranth', 12),
(121, 'Dottor Cid', 12),
(122, 'Vayne', 12),
(123, 'Ashe', 12),
(124, 'Fraan', 12),
(125, 'Reddas', 12),
(126, 'Occuria', 12),
(127, 'Lightning', 13),
(128, 'Snow', 13),
(129, 'Vanille', 13),
(130, 'Hope', 13),
(131, 'Sazh', 13),
(132, 'Fang', 13),
(133, 'Baldanders', 13),
(134, 'Cid Raines', 13),
(135, 'Serah', 13),
(136, 'Orphan', 13),
(137, 'Rosch', 13),
(138, 'Imperatore Gestahl', 6),
(139, 'Preside Cid', 8);

-- --------------------------------------------------------

--
-- Struttura della tabella `app_frs_frase`
--

CREATE TABLE IF NOT EXISTS `app_frs_frase` (
`IdFrase` int(11) NOT NULL,
  `Frase` varchar(255) DEFAULT NULL,
  `IdEroe` int(11) NOT NULL
) ENGINE=MyISAM AUTO_INCREMENT=654 DEFAULT CHARSET=utf8;

--
-- Dump dei dati per la tabella `app_frs_frase`
--

INSERT INTO `app_frs_frase` (`IdFrase`, `Frase`, `IdEroe`) VALUES
(11, 'La realt&agrave; non &egrave; cos&igrave; buona... Le cose non vanno sempre come uno crede.', 2),
(12, 'Aeris &egrave; morta. Aeris non parler&agrave; pi&ugrave;, mai pi&ugrave; rider&agrave;, pianger&agrave;... o si arrabbier&agrave;...\r\nChe cosa ne &egrave; di noi...\r\nChe cosa pensiamo di fare NOI?\r\nChe cosa ne &egrave; del mio dolore?\r\nLe dita mi pungono', 1),
(14, 'Accept that you are weak. Accept the path you''ve taken. Accept that nothing makes sense in thiso whole damn world. Once you accept everything, then you can choose your next path, the one path you really want to take.', 55),
(15, 'Well, if you don''t understand it, try just accepting it.', 55),
(16, 'Per molti l''amicizia &egrave; un impegno leggero come una piuma, ma lui riconosce la solennit&agrave; del legame.', 51),
(17, 'We are warriors brought to this land to ensure victory for the Goddess of Harmony.', 56),
(18, 'And if we put that strength together, we''ll have nothing to fear.', 52),
(19, 'E'' proprio per loro che non posso permettermi di fermarmi. So di non essere solo... Ecco perch&egrave; combatter&ograve; per conto mio!', 51),
(20, 'Se abbandoni la via che hai deciso di percorrere, allora forse sei gi&agrave; scomparso.', 53),
(21, 'Non fai che startene a guardare... non agisci per inseguire il tuo sogno.', 54),
(22, 'I was once known as a knight of Cornelia. Two thousand years from now...you killed me. I am Garland. Oh, you did defeat me. But the four great forces saved me by sending me back through time!', 9),
(23, 'Once here, I sent the four Fiends into the future...where they shall once again use the force great forces to send me into the past!', 9),
(24, 'In two thousand years, I will remember none of this.But I will be reborn again here. So even as you die again and again, I shall return! Born again into this endless circle I have created!', 9),
(25, 'Vi ricordate di me? Ero un cavaliere.\r\nTra 2000 anni. mi uccideste. Io sono Garland. Allora mi sconfiggeste, ma le 4 grandi forze mi salvarono mandandomi indietro nel tempo!', 9),
(26, 'Una volta giunto qui inviai i 4 demoni nel futuro, dove useranno nuovamente le 4 grandi forze per mandarmi nel passato!', 9),
(27, 'Tra 2000 anni non ricorder&ograve; niente di tutto questo. Ma rinascer&ograve; qui. E mentre voi continuerete a morire, io ritorner&ograve;!', 9),
(28, 'Il mondo &egrave; avvolto dall''oscurit&agrave;. \r\nIl vento cala.\r\nIl mare s''infuria.\r\nLa terra imputridisce.\r\nMa la gente crede in una profezia \r\nattendendone pazientemente l''avverarsi.', 57),
(29, 'Quando il mondo sar&agrave; avvolto dall''oscurit&agrave;, giungeranno i quattro Guerrieri della luce.\r\nDopo un lungo viaggio quattro viandanti appaiono infine. ognuno con un cristallo in mano.', 57),
(30, 'E'' passato molto tempo da quando gli uomini hanno avuto l''ardire di presentarsi davanti a me.\r\nIl vostro coraggio sembra essere degno della mia considerazione.', 10),
(31, 'La coda di topo in vostro possesso &egrave; segno di gagliardia e forza notevole.\r\nE sia. vi render&ograve; onore con dei titoli confacenti al vostro valore.', 10),
(32, 'No one touches my princess!! LIGHT WARRIORS?? You impertinent fools. I, Garland, will knock you all down!!', 9),
(33, 'Una pace antica &egrave; giunta alla fine.\r\nL''imperatore di Palamesia ha radunato i mostri degli inferi ed ha iniziato la sua campagna di conquista del mondo.\r\nUn esercito ribelle, con base nel regno di Fynn, si oppone ai piani dell''imperatore.', 58),
(34, 'Ma il castello dei ribelli cade a causa di un attacco dell''impero.\r\nI ribelli sono costretti a ritirarsi una remota cittadina di Altair.', 58),
(35, 'Anche quattro giovani di fine devono fuggire di fronte alle forze imperiali.\r\nQuelle stesse forze imperiali che hanno ucciso i loro genitori.\r\nMa la loro fuga &egrave; appena iniziata.', 58),
(36, 'Reluctance to forgive has long been a human failing. It is man''s nature to sin, yet you answer sin with violence upon violence. Is that not itself a sin?', 60),
(37, 'You have braved the depths of Hell to reach me .But the hand of man, which deals in false justice and forsaken love, can never hope to defeat the lord master of Hell!', 60),
(38, 'All those who live must some day die. It is our fate.', 61),
(39, 'We are the Cloud of Darkness. None shall stand before the flood of darkness.\r\nWith it, we will bring the Void to this world, and your world of light as well...', 62),
(40, 'You''ve come far. But the darkness is three steps ahead of you. You''re too late! Perish!!', 63),
(41, 'La forza priva di animo distrugge le persone.', 12),
(42, 'Ogni creatura ha in s&egrave; sia un animo malvagio sia un animo sacrale, cos&igrave; come esistono cristalli della luce e dell''oscurit&agrave;. E cos&igrave; pure il vostro pianeta con la Superficie e il Sottosuolo.', 11),
(43, 'Finch&eacute; ci saranno animi malvagi esiteranno anche animi sacrali, proprio come i vostri.', 11),
(44, 'Concedendoti la mia forza sar&ograve; sottoposto a ulteriore tristezza\r\ntuttavia a eccezione di ci&ograve; non &egrave; rimasto metodo alcuno.\r\nCoraggio, separati dal tuo passato sanguinario.', 13),
(45, 'Se non saprai soggiogare il te stesso che &egrave; esistito fino ad ora\r\nnon potrai ricevere il potere sacrale.\r\nLa tua stessa esistenza di cavaliere delle tenebre dovrai sopraffarla tu stesso.', 13),
(46, 'La mia coscienza diventer&agrave; la luce del tuo potere.\r\nPrima o poi giunge il momento di capire, prima della giustizia, prima della spada.', 13),
(47, 'Come cavaliere delle tenebre avrei potuto ambire ad un rango pi&ugrave; elevato, ma mi &egrave; pi&ugrave; congeniale essere un cavaliere del drago e sentirmi vicino a mio padre.', 14),
(48, 'Voler&ograve; oltre le nuvole, e mi avviciner&ograve; alle stelle tanto da sfiorarle!', 15),
(49, 'Ritenevo che gli uomini fossero creature sagge.', 21),
(50, 'La Vita.... I Sogni.... Da dove vengono? Dove vanno? Aaaaahh, stupidaggini senza senso! Io vi distrugger&ograve;!! Muahahahah!!', 17),
(51, 'Perch&egrave; le persone celebrano la vita, anche se sanno di dover morire?', 17),
(52, 'Mi piace il rischio, mi piace un mondo in cui lo spirito di un uomo pu&ograve; volare indisturbato. ma il peso del mondo in cui viviamo sta schiacciando la mia voglia di lottare e di volare. Sento di aver perso le mie ali.', 18),
(53, 'Ahahah! Pensavi davvero che bastasse una cosuccia come le fine del mondo per farmi fuori?!', 19),
(54, 'Non posso dirti cosa fare. Devi decidere da sola. Presto troverai la tua strada.', 16),
(55, 'Se ti serve un sogno da inseguire, perch&egrave; non ne trovi uno', 15),
(56, 'Alcune persone decidono di non ascoltare le proprie emozioni.', 20),
(57, 'La cosa importante non &egrave; la fine! La cosa importante &egrave; sapere che si ha una ragione per vivere, in ogni momento!\r\nQualcosa che abbiamo costruito... Qualcosa che vogliamo proteggere! Finch&egrave; ci rimane questo, abbiamo tutto ci&ograve; ch', 22),
(58, 'La cosa pi&ugrave; importante della vita? Non avere obblighi! Altrimenti, perdi il gusto del rischio.', 18),
(59, 'Grazie. Mi avete insegnato cosa significa... amare davvero.', 22),
(60, 'Whatcha want with me? Espers? Espers, hmm.. haven''t heard that word in a long while.', 21),
(61, 'An old dude named Ramuh taught me your language, kupo!', 64),
(62, 'He kept showing up in my dreams and telling me to help you, kupo! So... I''m gonna help you, kupo!', 64),
(63, 'I''m Gau! I your friend...FRIEND! I join you again!', 65),
(64, 'Son of a Submariner! You''ll pay for this!', 17),
(65, 'Oh, Edgar. Sai che cercare di proteggerla &egrave; una battaglia persa, vero? Nbwahahaha! Ti auguro che niente di terribile accada alla tua amata Figaro!', 17),
(66, 'Un viaggiatore instancabile che setaccia il mondo alla ricerca di antichi tesori.', 16),
(67, 'Una misteriosa giovane, nata con il dono della magia, ridotta in schiavit&ugrave; dall''impero di Gesthal.', 22),
(68, 'Uwee hee hee... Game over!', 66),
(69, 'Edgar l''ha fatto ancora! Ci prova con tutte... basta che respirino!', 67),
(70, 'Life... Dreams... Hope... Where do they come from? And where do they go...? Such meaningless things... I''ll destroy them all!', 17),
(71, 'Grazie per le premure ma io sono un soldato, non una bimba in cerca di coccole.', 15),
(72, 'Ho promesso che l''avrei protetta, e non abbandono chi ho promesso di proteggere!', 16),
(73, 'My allegience is to the Empire. I have no right to fight with you', 20),
(74, 'Nonsense! I''ll win the Falcon from you when I beat you in a race around the world!', 18),
(75, 'Big brother, I didn''t abandon the kingdom. Now I know why I have these stupid muscles!(Sabin)', 68),
(76, 'First of all, your beauty has captivated me! Second... I''m dying to know if I''m your type...\r\nI guess your ...abilities... would be a distant third', 69),
(77, 'Terra...wait for me. I''ll be back. And please, don''t let a lecherous young king, who shall remain nameless, near you!', 16),
(78, 'Oh that''s really smart Kefka. Disturb their delicate balance and they''ll go haywire!', 15),
(79, 'La cosa importante &egrave; che d''ora in poi sei padrona del tuo destino. Non pensarci troppo. Al momento giusto capirai quel che devi fare, ne sono sicuro.', 16),
(80, 'Ho sentito che ha fatto fuori 50 blindati Magitek in pochi minuti. Roba da far accapponare la pelle!', 70),
(81, 'It''s strange, isn''t it? The Empire used me, controlled my very thoughts. and now here I am, cooperating with the same people.', 22),
(82, 'It''s not the net worth of one''s life that''s important. It is the day to day concerns, the personal victories, and the celebration of life. and love!', 22),
(83, 'Credo che una ragazza normale rimarrebbe affascinata da queste parole galanti. Ma non io.', 22),
(84, 'Mmm come seduttore sono un po'' arrugginito.', 69),
(85, 'Hee, hee! Niente batte il suono di migliaia di voci che gridano all''unisono!', 17),
(86, 'Bleh! You people make me sick! You sound like lines from a self-help book! If that''s how it''s going to be. I''ll snuff them all out! Every last one of your sickening, happy little reasons for living!', 17),
(87, 'Uff! Gli stupidi ordini dell''imperatore! Edgar, brutto stolto!\nPerch&egrave; mai hai deciso di vivere in mezzo a questo fetido deserto?? Ahh! Odio le missioni di ricognizione! Maledizione Ho della lurida sabbia sugli stivali!!!', 17),
(88, 'Perch&egrave; le persone celebrano la vita anche se sanno di dover morire?', 17),
(89, 'Good to see you... Cloud.', 27),
(90, 'I know, I''m not alone... not anymore.', 25),
(91, 'You see? Everything''s... all right.', 26),
(92, 'Dopotutto io sono solo una marionetta..prorio come.. Il vecchio te!!', 24),
(93, 'Quello che voglio,Cloud, &egrave; salpare nelle tenebre dal cosmo con questo pianeta come vascello, come fece mia madre tanto tempo fa. Poi, un giorno, troveremo un pianeta e su quel terreno costruiremo un futuro radioso.', 27),
(94, 'Non ti ho mai dato la colpa..Mai ! Sei venuto per me...E questo che conta !', 26),
(95, 'I tuoi amici ti attendono...e poi, io non ho bisogno di un bambino grande come te! Il tuo posto non &egrave; qui, torna da loro.', 26),
(96, 'Fuggire da un mondo di illusioni? Mi chiedo se sia davvero la scelta migliore.', 28),
(97, 'I''ve seen what Kadaj''s group is doing.', 28),
(98, 'The stigma... its a symptom of alien matter infesting the body. The body tries to eliminate it and over compensates. Inside our bodies is a current. Much like the Lifestream. That current fights off any malevolent-intruders.', 28),
(99, 'Ready?', 26),
(100, 'Credo di voler essere perdonato. Pi&ugrave; di ogni altra cosa....', 25),
(101, 'You crying?', 26),
(102, 'Tseng''s with our enemy, the Turks, but I''ve known him since we were little.', 71),
(103, 'A good son would have known.', 72),
(104, 'Resta dov''&egrave; il tuo posto... Nei miei ricordi!', 25),
(105, 'I will never be a memory.', 27),
(106, 'Out of my way. I''m going to see my mother.', 23),
(107, 'Non pensare ad una sconfitta, senza aver ancora combattuto!', 8),
(108, 'Ho sempre creduto che il Pianeta fosse molto vasto. Ma se lo guardi dallo spazio, non &egrave; poi cos&igrave; grande. Navighiamo nel buio e ci sentiamo impotenti. E'' proprio da questo che Sephiroth trae il suo potere.', 29),
(109, 'Questo Pianeta &egrave; ancora un bambino, un bambino sofferente e tremolante nel mezzo dell''universo. Qualcuno deve difenderlo, e indovinate un po''? Quel qualcuno siamo noi!"', 29),
(110, '%&''^!$%&/ &$"$!!', 29),
(111, '%&''^!$%&/ &$"$!!', 8),
(112, 'Signora fortuna, PERCHE'' mi hai abbandonato proprio ora!!', 29),
(113, 'But they... Those worthless creatures.... Are stealing the planet from mother... But now I''m here with you.', 23),
(114, 'Don''t forget me... Even if another Caith Sit comes along....', 30),
(115, 'SOLDIER... l''ultima cosa che serve a Aeris &egrave; di venire illusa di nuovo.', 31),
(116, 'Vi prego. potreste partire stanotte? Senza dire nulla ad Aeris?', 31),
(117, 'Madre, sono qui per vederti. Apri questa porta.', 23),
(118, 'Kya ha ha e Gya ha ha stanno complottando qualcosa.', 30),
(119, 'Tenetevi stretti i pantaloni e non fatevela addosso!!', 29),
(120, 'Sit your ass down in that chair and drink your goddamn TEA!!!', 29),
(121, 'Mi ascolti, signore. Al mio amico piacerebbe vestirsi come una ragazza. Quindi vorremmo un bel vestito.', 4),
(122, 'Mamma! Accompagno Cloud al settore 7. Torno tra poco!', 4),
(123, 'Sar&ograve; il migliore, proprio come Sephiroth!!', 1),
(124, 'Le parole non sono l''unica via per dire a qualcuno come ti senti.', 7),
(125, 'Cosa stai dicendo? Vorresti dirmi che anche tu provi... emozioni? .. Ahahah... non fingere di essere triste... E non c''&egrave; bisogno di far finta di essere arrabbiato.\r\n.. Perch&egrave; Cloud, tu sei...\r\n.. Perch&egrave; tu sei... un burattino!', 23),
(126, 'Quello che io ti ho mostrato &egrave; la realt&agrave;. Quello che tu ricordi. Quella &egrave; l''illusione.', 23),
(127, 'Fin quando sono con te... fino a quando sei al mio fianco... Non mi arrendo, anche se sono spaventata.', 7),
(128, 'Non importa in che modo siamo vicini. \r\nEravamo lontani... prima che questo succedesse. Ma quando eravamo nel Flusso Vitale... circondati da tutte quelle grida di paura... Ho creduto di sentire la tua voce.', 7),
(129, 'As long as I''m with you... as long as you''re by my side.. I won''t give up, even if I''m scared.', 7),
(130, 'No matter how close we are. We were far apart. before this. But when we were in the lifestream, surrounded by alla those screams of anguish, I thought I heard your voice.', 7),
(131, 'Se tutto questo &egrave; un sogno... non svegliatemi.', 1),
(132, 'La mia realt&agrave;. &egrave; solo mia.', 53),
(133, 'Ahhh... sembri un orso che indossa un marshmallow!', 1),
(134, 'I am the chosen one. I have been chosen to be the leader of this planet.\r\nI have orders to take this planet back from you, stupid people, for the Cetra. What am I supposed to be sad about?', 23),
(135, 'Io sono il prescelto. Io sono stato scelto per essere il capo di questo pianeta. Mi &egrave; stato ordinato dai Cetra di riprendermi questo pianeta da voi, stupide persone, per i Cetra. Perch&eacute; dovrei essere triste?', 23),
(136, 'La stella di Aeris e la stella di Cloud! Vi aspetta un grande futuro!', 30),
(137, 'No, Cloud. L''ho nascosto troppo a lungo, avevo paura che dicendotelo sarebbe successo qualcosa...\r\nMa ora non nasconder&ograve; pi&ugrave; nulla. Tu non eri qui. Cloud non &egrave; venuto a Nibelheim cinque anni fa.', 7),
(138, 'E'' la prima volta dopo tanto tempo che torni a casa, giusto?', 23),
(139, 'Nuovo arrivato! Seguimi.', 8),
(140, 'Per cosa stiamo combattendo? Voglio che lo capiamo tutti. Salvare il pianeta, il futuro del pianeta.. Su questo siamo d''accordo.\r\nMa &egrave; davvero questa la causa? Per me, &egrave; una lotta personale. Voglio sconfiggere Sephiroth, mettere ordine n', 1),
(141, 'Salvare il pianeta fa solo parte di tutto questo. Ho pensato a lungo. Credo che stiamo lottando per noi stessi, per qualcuno, per qualcosa che &egrave; importante per noi. Ecco per cosa lottiamo.', 1),
(142, 'Guarda le montagne di erba appassita. Ascolta il verso di un Chocobo appena nato.\r\nGuarda sempre il flusso eterno del tempo, che &egrave; molto pi&ugrave; grande di quello della vita umana. Imparerai molto pi&ugrave; di quanto tu possa imparare restando q', 33),
(143, 'Quel che vedrai diventer&agrave; parte del sogno della vita. Per i miei figli... e per i tuoi figli...\r\nTi prego, Nanaki, vai con Cloud. Il mondo &egrave; grande... bisogna esplorarlo.', 33),
(144, 'I wasn''t pursuing Sephiroth; I was being summoned by him.', 1),
(145, 'Not interested.', 53),
(146, 'It''s not my problem.', 1),
(147, 'You ignorant traitor! I''ll tell you\r\nThis Planet originally belonged to the Cetra.\r\nCetra was an itinerant race.\r\nThey would migrate in, settle the Planet, then move on.', 23),
(148, 'At the end of their harsh, hard journey, they would find the Promised Land and the supreme happiness.\r\nBut, those that disliked the journey appeared.\r\nThose who stopped their migrations built shelters and elected to lead an easier life.', 23),
(149, 'They took that which the Cetra and the Planet had made, without giving back one whit in return!\r\nThose are your ancestors.\r\nLong ago, disaster struck this planet.', 23),
(150, 'Your ancestors escaped...\r\nThey survived because they hid.\r\nThe Planet was saved by sacrificing the Cetra.\r\nAfter that, your ancestors continued to increase.\r\nNow all that''s left of the Cetra is in these reports.', 23),
(151, 'Io sono il prescelto. Io sono stato scelto per essere il capo di questo pianeta. Mi &egrave; stato ordinato dai Cetra di riprendermi questo pianeta da voi, stupide creature. Perch&eacute; dovrei essere triste?', 23),
(152, 'C''&egrave; sempre qualcosa nel pi&ugrave; profondo del nostro cuore. Qualcosa di sepolto, o magari dimenticato.', 33),
(153, 'Non voglio rimpiangere in seguito qualcosa che non ho fatto!', 29),
(154, 'Le persone nascondono cos&igrave; tanti segreti... E possono dimenticare tante cose... Strano, non &egrave; vero?', 7),
(155, 'Un ricordo &egrave; un qualcosa che viene coscientemente richiamato. E'' per questo che pu&ograve; risultare sbagliato o incompleto.\r\nSto parlando dei sentimenti rinchiusi nel nostro cuore. Quelli non possono essere falsi. Se solo li ricordasse....', 7),
(156, 'La speranza... &egrave; tutto quello che ci resta.', 29),
(157, 'Guardare troppo in alto ti fa perdere la prospettiva!', 33),
(158, 'Se un giorno dovessi trovarmi in difficolt&agrave;, il mio eroe verr&agrave; a salvarmi. Promettimelo!', 7),
(159, 'Io in primavera me ne andr&ograve;. vado a Midgar. Mi voglio arruolare..', 1),
(160, 'That''s right. I''ll let you hear my new appointment speech. My old man tried to control the world with money.\r\nIt seems to have been working. The population thought that Shinra would protect them', 72),
(161, 'Work at Shinra, get your pay. If a terrorist attacks, the Shinra army will help you. It looks perfect on the outside. But, I do things differently. I''ll control the world with fear.', 72),
(162, 'It takes too much to do it like my old man. A little fear will control the minds of the common people. There''s no reason to waste money on them!', 72),
(163, 'Hey, Boobs! Try that again, just one more time!', 73),
(164, 'Defeat Sephiroth. Defeat the son of that beloved woman... Am I on the verge of committing another sin...? Or am I atoning as best I can for only watching...?', 74),
(165, 'Look at what brother was hiding from us.\r\nPowers forged in the Lifestream. Heheh. With this Materia... Those powers will be ours', 24),
(166, 'Don''t say ''fat''! Hey-hey! Tea! Can I have some [coffe] too? With lotsa sugar and honey and... oh yeah, don''t forget the lard!', 75),
(167, 'I hear her voice.. Eleanor''s voice... begging me... not to hate your rotten guts.', 76),
(168, 'I sogni irrealizzabili sono i migliori.', 35),
(169, 'Se il mondo vuole la mia fine, cadr&agrave; con me!', 37),
(170, 'Embrace your dreams. If you want to be a Hero, you need to have dreams. And honor.', 38),
(171, 'Hey, pensi che io sia diventato un eroe?', 34),
(172, 'Hey... Siamo amici, giusto?', 34),
(173, 'Non &egrave; questo. il modo di parlare ad un eroe!', 37),
(174, 'Se vedi Aerith... salutala da parte mia.', 34),
(175, 'Quella ragazza... ha detto che il cielo la spaventa. Ma sembra cos&igrave;...liberatorio.', 34),
(176, 'Quelle ali...... Le voglio anche io.', 34),
(177, 'Le ali rappresentano la libert&agrave; per coloro che non ce l''hanno.', 39),
(178, 'Sei un po'' pi&ugrave; importante della mia spada. ma solo un po''.', 38),
(179, 'For both of us... You''re gonna... live.', 34),
(180, 'Gli uomini non piangono per s&egrave; stessi, ma per i loro compagni.', 34),
(181, 'I am Cloud... the master of my illusionary world.', 1),
(182, 'Il mondo ha bisogno di un nuovo eroe\r\nVieni a provare!\r\nCos&igrave; spavaldo, ma per quanto?', 37),
(183, 'I miei sogni... il mio onore... sono tuoi ora.', 34),
(184, 'A volte l''onore pu&ograve; essere un pesante fardello.', 38),
(185, 'Ho 23 piccoli desideri. Ma probabilmente non te li ricorderai tutti, quindi li ho raggruppati tutti in uno solo:\r\nVorrei passare pi&ugrave; tempo con te.', 71),
(186, 'Hey, Cloud. Devo... Devo andare a Midgar. Vieni con me?', 34),
(187, 'Live! You''ll be my living legacy.', 34),
(188, 'Oh here. Put on this. It smells a little though; don''t complain.You look pretty good with that. Well.....', 34),
(189, 'PROLOGO: \r\nQuando la guerra delle bestie porter&agrave; la fine del mondo, la dea scender&agrave; dal cielo. Ali di luce e di oscurit&agrave; si dispiegheranno. Ella ci guider&agrave; verso la felicit&agrave;, il suo dono eterno', 77),
(190, 'ATTO I:\r\nL''infinito del mistero &egrave; il dono della dea. Perci&ograve; lo cerchiamo e andiamo verso il cielo. La superficie dell''acqua si increspa. L''anima vagante non conosce requie.', 77),
(191, 'ATTO I:\r\nIl mistero infinito. Il dono della dea &egrave; ci&ograve; che i tre uomini cercano, ma i loro cammini sono stati separati dalla guerra.', 77),
(192, 'ATTO I:\r\nUno &egrave; diventato eroe, uno vaga per il mondo e l''ultimo &egrave; stato fatto prigioniero.\r\nMa i tre sono ancora legati dal giuramento solenne di cercare insieme la risposta, ancora una volta.', 77),
(193, 'ATTO II:\r\nIl prigioniero fugg&igrave;, anche se gravemente ferito.\r\nMa la sua vita fu salvata da una donna della nazione nemica.', 77),
(194, 'ATTO II:\r\nEgli cominci&ograve; con lei una vita di reclusione che sembrava promettere beatitudine eterna.\r\nMa con la felicit&agrave; crebbe il senso di colpa per non aver tenuto fede al giuramento fatto dagli amici.', 77),
(195, 'ATTO II:\r\nNon c''&egrave; odio, solo gioia. Perch&eacute; la dea ti ama. Eroe dell''alba, Guaritore dei mondi. L''anima spezzata aveva sogni del domani. L''orgoglio &egrave; perduto, le ali strappate, la fine &egrave; vicina.', 77),
(196, 'ATTO III:\r\nMentre la guerra trascina il mondo verso la distruzione, il prigioniero si separa dal suo nuovo amore e parte per un nuovo viaggio.', 77),
(197, 'ATTO III:\r\n&Egrave; guidato dalla speranza che il dono avrebbe portato e dal giuramento fatto dai suoi amici.\r\nAnche se i due amanti non si sono scambiati nessun giuramento, nei loro cuori sanno che si rivedranno.', 77),
(198, 'ATTO III: \r\nAmico mio, voli via adesso? Verso un mondo che ha paura di me e te? Tutto quello che ti aspetta &egrave; un triste domani. Non importa da dove soffia il vento. Amico mio, il tuo desiderio &egrave; il portatore della vita, il dono della dea.', 77),
(199, 'ATTO IV: \r\nAmico mio, le parche sono crudeli. Non ci sono sogni, non c''&egrave; pi&ugrave; onore. La freccia ha lasciato l''arco della dea.', 77),
(200, 'ATTO IV:\r\nLa mia anima, corrotta dalla vendetta, ha sopportato il tormento per trovare la fine del viaggio nella mia salvezza e nel tuo sonno eterno', 77),
(201, 'ATTO IV:\r\nLa leggenda racconter&agrave; di sacrificio alla fine del mondo. Il vento viaggia sulla superficie dell''acqua, In silenzio, ma inarrestabile', 77),
(202, 'ATTO V: \r\nAnche se il domani &egrave; arido di promesse, nulla impedir&agrave; il mio ritorno. Per diventare la rugiada che disseta la terra, per risparmiare i mari, i cieli, ti offro questo sacrificio muto.', 77),
(203, 'Sei pronto, Squall? Ti porter&ograve; nel passato pi&ugrave; vicino al presente... nel presente pi&ugrave; vicino al futuro.', 48),
(204, 'Ognuno deve pensare ai propri problemi da solo. Io non voglio portare il fardello degli altri.', 2),
(205, 'Scegli e muori.\r\nInvocher&ograve; l''essere che ritieni pi&ugrave; forte.\r\nSarai la causa della tua sofferenza.', 47),
(206, 'Se non si hanno speranze, le ferite si rimarginano prima.', 2),
(207, 'SeeD ... Semi di un arido giardino.', 46),
(208, 'Aggiungila/o alla lista.', 45),
(209, 'Sono tornati i folletti!', 49),
(210, 'Nessuno pu&ograve; vivere da solo!', 43),
(211, 'Ci avete mai pensato? Quando eravate bambini. Le sensazioni di allora...\r\nLe parole di allora... Le emozioni di allora.', 47),
(212, 'E quando diventate grandi. cosa vi rimane? Cosa buttate via? Il tempo non aspetta. Non importa quanto stretto lo teniate. Il tempo fugge.', 47),
(213, 'Ognuno crede di essere nel giusto. Non ci sono i buoni e i cattivi, esistono solo i nemici e i non nemici.', 2),
(214, 'I tiratori scelti sono soli per natura; soli nel mondo affidiamo i nostri istinti e uniamo la nostra essenza in un sol colpo. La pressione di un momento, la tensione di un istante. Io devo sopportare tutto questo da solo. Ho paura.', 42),
(215, 'Non siamo qui perch&egrave; il destino ci ha spinto fin qui. Siamo qua perch&egrave; lo abbiamo voluto noi!', 42),
(216, 'Avete mai sentito la frase: &quot;La vita ha migliaia di strade&quot;. ? Io non ci credo. Non ho mai potuto scegliere molte strade nella mia vita. Spesso ne avevo solo una davanti.', 42),
(217, 'Fra le poche strade a scelta che avevo, ho preso questa e l''ho percorsa fino a qui. \nE questa strada... questa strada la voglio percorrere fino in fondo.', 42),
(218, 'Alla fine siamo insieme di nuovo. Di nuovo compagni.. di nuovo amici. Non siamo pi&ugrave; dei bambini. Siamo forti ormai. \r\nNon permetteremo che ci separino di nuovo...  Combatter&ograve; per questo. \r\nPer potere stare insieme ancora, anche se per poco.', 42),
(219, 'Tutti stanno cercando di farci mettere insieme. E'' cosi evidente... L''ho capito persino io!', 2),
(220, 'Come sempre, ci sono state diverse strade nella mia vita. Io ho scelto quelle che ritenevo pi&ugrave; giuste. Il tuo sorriso mi ha guidato verso una di queste strade... Avr&ograve; scelto bene?\r\n... Ormai sono arrivato fin qui... non ti voglio perdere!', 2),
(221, 'Credo di aver provato a prendere il posto di Ellione, ma non ci sono riuscita. Pensavo sempre a Squall anche dopo essere diventata istruttrice. Credevo fosse amore e nascondevo i miei sentimenti perch&egrave; ero l''insegnante.', 43),
(222, 'Mi sbagliavo, quello che mi legava a lui era un sentimento di tipo fraterno.oh!! Un amore non compreso? Mi sono tolta di mezzo da quando &egrave; entrata in scena Rinoa.', 43),
(223, 'Qualsiasi storia, per quanto dolorosa, ha una fine. Quindi Squall, fa che anche la tua storia finisca. Anche se questo significher&agrave; la tragedia di un''altra persona!', 46),
(224, 'Volevo fare qualcosa che sarebbe stato per sempre dentro tutti voi, ed il nostro &egrave; stato il concerto che tutti avrebbero desiderato fare. Mi avete visto tutti? Mi avete sentito, vero?', 41),
(225, 'Rinoa, anche se dovessi combattere contro il mondo intero... io... io sar&ograve; il tuo cavaliere.', 2),
(226, 'Parleranno di me cos&igrave; quando morir&ograve;? Squall ERA cos&igrave; e cos&igrave;! Parleranno di me al passato? Forse..... quando si muore &egrave; proprio cos&igrave;.....\r\nNo! Non voglio..... Non voglio! Non voglio che si parli al passato anche di', 2),
(227, 'TA DAAAAAAAN! (Vorrei che questa parola diventasse di moda!)', 41),
(228, 'No problem! Io non sbaglio mai!', 42),
(229, 'Non ti devi preccupare, io. non sono pi&ugrave; solo. So che se li chiamo, i amici accorreranno per aiutarmi.', 2),
(230, 'Un giorno ti parler&ograve; del mio sogno romantico!', 45),
(231, 'Come dice il proverbio, non c''&egrave; profumo senza fuoco.', 49),
(232, 'Stai fermo...... gallinaccio!!', 45),
(233, 'Pazzesco... in squadra con un gallinaccio e un cerca-ragazzine!', 45),
(234, 'Fidarmi degli altri..... ho paura di pentirmene. Non potremo restare insieme per sempre.\r\nUn mondo con amici che si fidano di te e sui quali puoi contare... Sarebbe meraviglioso, ma ho troppa paura ad abituarmici.', 2),
(235, 'Un giorno ti porteranno via tutti gli amici da questo mondo e rimarrai solo. E'' duro da accettare,&egrave; troppo triste.. Quando questo momento arriva, &egrave; difficile trovare la forza per ricominciare da soli. Preferisco essere solo subito. Megli', 2),
(236, 'SeeD... SeeD, SeeD! SeeD, SeeD, SeeD! Non mi piacete... Perch&egrave; disturbate la strega? Perch&egrave; le siete sempre d''intralcio? La compressione temporale era quasi terminata. Ragazzini insolenti!', 47),
(237, 'Le vostre vite saranno assimilate nell''algoritmo di compressione temporale! Vi mander&ograve; in una dimensione che supera la vostra immaginazione. Soffrirete atrocemente, i vostri ricordi svaniranno poco a poco. Dimenticherete famiglia, amici, amori.', 47),
(238, 'Nella vostra nuova eterna esistenza, l''unico dono datovi sar&agrave; adorarmi! \r\nAllora, chi si fa avanti? Chi combatte contro la strega? \r\nEbbene... Sceglier&ograve; io!', 47),
(239, 'Rinoa. sei cos&igrave; fredda. Resterai cos&igrave; per sempre? . Non c''&egrave; niente che posso fare? ... Rinoa, eri cos&igrave; piena di vita. E adesso non parli neppure.... Voglio sentire la tua voce! Rinoa d&igrave; il mio nome, ti prego!', 2),
(240, 'Ho detto qualcosa di sbagliato?? Donne... non le capisco.', 2),
(241, 'Le presentazioni sono finite.', 47),
(242, 'E cos&igrave; sei diventato il cagnolino della strega.', 2),
(243, 'Nessuno sa cosa accadr&agrave; in futuro... Quello che vogliamo oggi &egrave; esserti vicino. Ti vogliamo bene e ci impegneremo insieme a te.', 44),
(244, 'Ricordati questo: quando avrai bisogno di aiuto, non esitare a chiamarci. Noi saremo sempre pronti ad aiutarti. Non sappiamo cosa accadr&agrave; in futuro, ma non spariamo mica da un giorno all''altro!', 44),
(245, 'Forza, Squall, fatti avanti... Ho un''altra cicatrice per te!', 45),
(246, 'La realt&agrave; &egrave; crudele, la realt&agrave; &egrave; davvero crudele. Quindi, stolti uomini, se &egrave; questo che volete.', 46),
(247, 'All''inizio litigavamo soltanto, ma le cose poco alla volta erano cambiate. Mi guardava sempre e se la guardavo anche io, i suoi occhi splendevano. Mi faceva sentire bene...', 2),
(248, 'Cosa vi avevo detto?? Se non sapete qual &egrave; il potere della dinamite, controllatela prima!', 49),
(249, '? ... ... Ho sbagliato mappa!!', 49),
(250, 'Anche io ho fatto no strano sogno. Ma non era divertente. Ho sognato di essere un cretino.', 2),
(251, 'SCEGLI E MUORI. Invocher&ograve; l''essere che ritieni pi&ugrave; forte. Sarai la causa della tua sofferenza! AHAHAH!', 47),
(252, 'I nostri sogni... Li far&ograve; ancora pi&ugrave; grandi, ancora pi&ugrave; meravigliosi.', 41),
(253, 'Pensavate fossi morto? Non morir&ograve; senza il mio sogno!', 45),
(254, 'Sto seriamente scherzando.', 2),
(255, 'Just... a little longer.', 44),
(256, 'Un solo colpo contro la strega. Questo colpo rester&agrave; nella storia. Questo colpo cambier&agrave; la storia di Galbadia e del mondo. Se ci penso, io...', 42),
(257, 'Squall, ci si vede di nuovo.', 48),
(258, 'La tua spada mi trapasser&agrave; il cuore. Ma se mi uccidi tu va bene. Solo tu per&ograve;, tu e nessun altro.', 44),
(259, 'Quando arriver&agrave; Rinoa, di cosa potrei parlargli? Non credo proprio abbia voglia di sentire parlare della strega. A chi importa se &egrave; una strega? A te non importa, vero? Rinoa &egrave; solo Rinoa.', 2),
(260, 'Ti porto in infermeria. Andiamo, su! I feriti di una battaglia non stanno n&egrave; da una parte, n&egrave; dall''altra!', 50),
(261, '.', 2),
(262, 'Accettiamo il vostro aiuto! In cambio, per&ograve;.. Permetteteci di collaborare alla fazione ANTI-EZECHIELE!', 49),
(263, 'Ahahah. ho capito, ho capito. Lo so cosa pensate! Ma &egrave; cos&igrave; importante sbagliare un nome? Io ci metto passione, &egrave; questa la cosa pi&ugrave; importante!', 49),
(264, 'Aaaaahhhh, ma tu sei quello contro cui sono andata a sbattere prima!!', 41),
(265, 'NO! Non mi dica che la mia vita &egrave; gi&agrave; stata decisa fin dall''inizio!', 2),
(266, 'Non possiamo far altro che combattere. Senza combattere non possiamo proteggere n&eacute; noi, n&eacute; i nostri amici. Questa &egrave; la nostra strada, se sei con noi, seguici. Sono sicuro che &egrave; ci&ograve; che tutti vogliono.', 2),
(267, 'Tutti hanno dei sogni. Anche tu avrai i tuoi, no?!', 45),
(268, '(Sono davanti a Giulia, e adesso che faccio? Kiros, Ward, aiutatemi! .Per&ograve; &egrave; proprio bella.)', 49),
(269, '*Ma questo &egrave; proprio una frana!!*', 2),
(270, 'Disgustose e stolte creature,fin dal lontano passato ho vissuto nelle vostre fantasie, le sciocche fantasie che voi avete generato. La strega che in crudeli sacrifici uccide voi uomini. La strega che con la sua spietata magia brucia i vostri campi.', 46),
(271, 'SCIOCCHI!!!Quando avete udito che la strega avrebbe protetto Galbadia avete tirato un sospiro di sollievo, vero? A chi &egrave; che questa strega non &egrave; apparsa in sogno, specchio delle vostre fantasie?', 46),
(272, 'La realt&agrave; &egrave; crudele, la realt&agrave; &egrave; davvero crudele. Quindi, stolti uomini, se &egrave; questo che volete... Rifugiatevi nelle vostre fantasie, ed io danzer&ograve; in esse! Sar&ograve; la terribile strega che desiderate.', 46),
(273, 'Voi ed io, insieme in una fantasia crudele, regno fra la vita e le morte. Strega e fantasia, per sempre!! Per sempre vivranno con Galbadia!!', 46),
(274, 'La strega vuole un''offerta, la strega vuole un sacrificio.', 46),
(275, 'Per quanto la gente mi parli della propria tristezza, cosa posso farci io?', 2),
(276, 'Perch&eacute; dipendere dagli altri? Possiamo risolverli da soli i nostri problemi.\r\nHo vissuto fino ad ora senza aiuto.\r\nHo mandato gi&ugrave; tutte le cose brutte e ho tirato avanti fino ad oggi da solo.', 2),
(277, 'Quando ero bambino non potevo fare niente da solo.\r\nMi sono dovuto fidare della gente.\r\nEsisto perch&eacute; altre persone sono esistite prima di me.\r\nMa io vivo bene da solo...\r\nI mezzi per cavarmela ce li ho e non sono pi&ugrave; un bambino...', 2),
(278, '&Egrave; una bugia, non capisco niente!\r\nSono cos&igrave; confuso...\r\nVorrei non aver bisogno di nessuno.\r\nMa come potrei mai riuscirci?\r\nDitemelo... ... Ditemelooo!\r\nVuol dire che forse anch''io ho bisogno di qualcuno', 2),
(279, 'Rinoa &egrave; stata arrestata. Si &egrave; arresa perch&eacute; era una strega temuta e evitata da tutti. Non poteva sopportarlo.', 2),
(280, 'Come fai a parlare di diritto? Per questo sei andato fin su lo spazio per salvarla?! Per consegnarla a Esthar e non rivederla mai pi&ugrave;?!?\r\nScemo!', 43),
(281, 'Mi ha detto "scemo".', 2),
(282, 'Ma cosa. cosa ho combinato?', 2),
(283, 'Il vero... obiettivo dei Seed. Semi. Spargere.. semi in tutto il mondo... Fiori... Riempire il mondo di fiori!', 2),
(284, 'E'' l''occasione giusta per vedere a cosa &egrave; servito il training con te. Grazie a te, nemmeno l''avversario pi&ugrave; spregevole riuscir&agrave; a battermi!', 2),
(285, 'Non vi voglio tra i piedi, mettetevelo bene in testa.', 45),
(286, 'Mi preoccupo troppo di cosa la gente pensa di me. Odio questa parte di me. Per questo non voglio far conoscere troppo di me agli altri.', 2),
(287, 'Voglio nascondere la parte che odio di me stesso. Squall &egrave; un tipo freddo e non si sa cosa pensa. Mi sento al sicuro quando la gente pensa questo di me. Questo per&ograve; &egrave; un segreto, ok?', 2),
(288, 'Spesso gli studenti non riescono a dare il meglio quando vengono qui con me. Sar&agrave; colpa del mio fascino?', 43),
(289, 'There''s no good or bad, just opinion and perspective.', 2),
(290, 'N-no... il discorso no! Chiudi. quel microfono.', 2),
(291, 'I don''t want the future. I want the present to stand still. I just want to stay here with you.', 44),
(292, 'Il bambino che &egrave; in te dice di venire, l''uomo che &egrave; in te dice di fuggire. Non sai prendere la decisione giusta. Non vuoi pi&ugrave; essere un bambino?', 46),
(293, 'Selphie, Rinoa, Quistis... I don''t know which one to choose.', 42),
(294, 'Pant pant. sono rimasti dei panini?!', 40),
(295, 'PUFF PUFF, PANT PANT!!! Eccomi di ritorno!! I Buchabucha e Bumbum che il vicecomandante odia erano X. ho sterminato X mostri!!', 49),
(296, 'You know, the boys often choke on this test when I come with them. I guess my charm makes them nervous.', 43),
(297, '. . Eccesso di velocit&agrave;. Arrestate quello studente per violazione delle regole del Garden!!', 45),
(298, 'Great, I have one chicken-wuss and one kid who just entered puberty in my team!', 45),
(299, 'Grazie, signor so-tutto!', 2),
(300, 'Aspettare... che parola noiosa!', 45),
(301, 'Nessuno pu&ograve; predire il futuro. Non ci sono garanzie.', 45),
(302, 'Tu, mentre io suonavo, mi guardavi sempre. Mi piacciono i tuoi occhi, anche se adesso sono un po'' spauriti.', 78),
(303, 'Qualcuno a cui tieni potrebbe morirti sotto gli occhi...', 42),
(304, 'Come sempre ci sono state diverse strade nella mia vita. Io ho scelto quelle che ritenevo pi&ugrave; giuste. Il tuo sorriso mi ha guidato verso una di queste. Avr&ograve; scelto bene?', 2),
(305, 'Odio non avere niente da fare. Mi viene da pensare troppo.', 2),
(306, 'Si dice che sia impossibile cambiare il passato. Ma se si potesse, non ci proveresti?', 48),
(307, 'Giulia vuole parlare con me.', 49),
(308, '(Questo &egrave; quasi paranoico!)', 2),
(309, 'Lavoro di squadra uguale a rottura di scatole!', 45),
(310, 'Sorellina......... Io sono solo. Per&ograve; far&ograve; del mio meglio. Anche se tu non ci sei pi&ugrave;, ce la far&ograve; lo stesso. Riuscir&ograve; a farcela anche da solo!', 2),
(311, 'Ascolta. Forse ora, solo ora possiamo stare tutti insieme. Tanto vale allora parlare e rilassarci un po'', no?', 44),
(312, 'Non &egrave; cos&igrave; semplice capirmi.', 2),
(313, 'Noi coraggiosi? No, non &egrave; cos&igrave;. Spesso perdiamo solo il senso della realt&agrave;. Ma quando ce ne accorgiamo tremiamo di paura anche noi come tutti quanti.', 2),
(314, '♪ Corri treno corri e vai, non ti puoi fermare mai. E nessuno mai sapr&agrave;, dove il treno arriver&agrave;. ♪', 41),
(315, 'Io sto qui ancora un po''.', 41),
(316, 'Cosa stai dicendo?! Ti ha scelto perch&egrave; si fidava di te! Solo per questo! "Insieme ce la faremo", questo ha pensato quando ha fatto la squadra! Non &egrave; cos&igrave;, Squall?', 41),
(317, 'Sapevo che questo giorno sarebbe arrivato! Sono un guerriero, ero preparato all''idea. Ma se penso che &egrave; oggi... Non riesco a rassegnarmi, MALEDIZIONE!', 40),
(318, 'Che IDIOTA!!!', 40),
(319, 'Sono in ritardoooooooooooooo!', 41),
(320, 'Lo scopo ultimo dei SeeD &egrave; distruggere la strega. Questa &egrave; la nostra vera battaglia. E'' una battaglia dura e difficile. Ma non possiamo avere rimpianti. Nessuno rimpianga questo giorno!! Siate con me, ragazzi! E'' la nostra battaglia!', 2),
(321, 'Se la regina Brahne si arrabbia MALA TEMPORA CURRUNT!!', 82),
(322, 'Una vita di devozioni e sacrifici, non &egrave; forse una vita di schiavit&ugrave;?', 82),
(323, 'Ker&ograve;, ker&ograve;! Sono inscaraburito!!!', 86),
(324, 'Viva er panino c''&agrave; mortazza d''&agrave; mitica porta sudde!', 88),
(325, 'Ho un enorme piacere da chiedervi, cavaliere! Non potreste gentilmente rapirmi? Vi supplico, adesso!', 80),
(326, 'Viviamo non per dimenticare il passato, ma per imparare da esso.', 87),
(327, 'Atterraggio sul morbido! <3', 79),
(328, 'Non conta ottenere o meno ci&ograve; che si vuole, l''importante &egrave; agire nel giusto!', 82),
(329, 'I suoi occhi sembravano tristi. Occhi che guardavano lontano, l''oceano. Occhi che per&ograve; non scorgono l''orizzonte. Occhi che non vedono l''arcobaleno. Forse &egrave; per questo che... Quello sguardo mi affascina.', 79),
(330, 'Quello che vedremo pi&ugrave; avanti potrebbe sconvolgerti l''esistenza... Non hai paura?', 87),
(331, 'Oh, Spirito onnipresente, quando le tenebre alle luci si sostituiranno, tu, anima onnipotente, ascolta la voce di queste sciamane che ti chiameranno!', 81),
(332, 'Oh, Spirito onnipresente, quando le tenebre alle luci si sostituiranno, tu, anima onnipotente, ascolta la voce di queste sciamane che ti chiameranno!', 80),
(333, 'Quina: C''ho Fameeeeee..... ????\r\n..Chiss&agrave; se ner fiumetto qui ce stanno de bei pesciolini? Ma.Io nun so nuotare.Vabb&egrave; se &egrave; pe na giusta causa.', 83),
(334, 'Dov''&egrave; finita?! .. Qui no... L&igrave; neanche. Nun la trovo... Dove cavolo sta la bambola de Garnet??? \r\nNun pijo sonno la sera si nun c''ho la bambola mia!!', 88),
(335, 'Bene principessa... col vostro permesso procedo al sequestro!', 79),
(336, 'Regina di tutto, regina di niente. Regina di un popolo. ma anche della mia fragilit&agrave;.', 80),
(337, 'Le separazioni non sono poi tanto tristi. Seppur lontani, ho sentito che i nostri cuori sono rimasti sempre vicini. Grazie amici.\r\nMi avete insegnato ad apprezzare la vita.', 85),
(338, 'Dalle mie parti rubb&agrave; da magn&agrave; &egrave; ''na prova de coraggio!', 83),
(339, 'Dopotutto, se non ci fosse stato quel delinquente quando siamo partiti, la principessa sarebbe rimasta a terra. Interceder&ograve; per un ergastolo al posto della forca. E'' questa l''onest&agrave; che nobilita un cavaliere!', 82),
(340, 'Tuttavia, &egrave; colpa dell''equipaggio che non mi ha ubbidito. Esaminer&ograve; il caso una volta giunti al castello.\r\nE questa &egrave; la diligenza che sublima un cavaliere!', 82),
(341, 'Senza Daga i miei giorni sono vuoti. Il suo sorriso, la sua voce... sono come una poesia.\r\nE'' una musica. che mi fa volare alto nel cielo. come una rondine.', 79),
(342, 'Allora, quel Poppo vi dar&agrave; l''Ago di Platino?', 89),
(343, 'Allora, senti principessina. Mi rraccomando a Cicci! Partite dopo aver riposato. Darete a Pippi il tempo di cercarlo!', 89),
(344, 'La felicit&agrave; di domani dorme per dimenticare l''infelicit&agrave; di ieri. Spera di fare sogni d''oro e dimenticare la triste realt&agrave;. E'' una notte tranquilla, come tutte le altre. Alexandria ha festeggiato la nuova regina e ora stan', 91),
(345, 'Una sbronza e un''allegra serata cancelleranno forse il duro passato e daranno il benvenuto ad un roseo futuro? La festa non &egrave; ancora finita. O meglio, sta per cominciare!', 91),
(346, 'Che si aprano le danze infernali e che brucino Alexandria!Vieni Bahamut! Vieni a cantare il requiem alla tua vecchia padrona!', 91),
(347, 'Non abbandoner&ograve; mai il campo di battaglia! Combatter&ograve; per Alexandria e per voi, Beatrix! Sacrificher&ograve; la mia vita per salvarvi dal male!', 82),
(348, 'Beatrix, forse questa &egrave; l''ultima volta che incrocio il vostro nobile guardo. Forse &egrave; l''ultima volta che posso sincerarvi... E'' per questo che vorrei dirvi che...', 82),
(349, 'Il mondo &egrave; fatto di du cose: le cose che se possono magn&agrave; e le cose che nun se possono magn&agrave;!', 83),
(350, 'Il tuo corpo sar&agrave; un recipiente che accoglier&agrave; una nuova anima.', 92),
(351, 'ERRARE HUMANUM EST!', 82),
(352, 'Non preoccuparti. potrai piangere sulla mia spalla.', 79),
(353, 'Steiner e Quina... Il solo pensiero mi mette ansia. Meglio mandare Vivi col cavaliere. Gli far&agrave; da baby-sitter!', 79),
(354, 'Bbaciamo le mani, ah!', 89),
(355, 'Flatrey.. Non sei pi&ugrave; tornato indietro.. Mi hai lasciata senza niente eccetto dei sospetti sulla tua morte. Io non posso crederci! Io non voglio crederci! Mai. Non fino a quando non ti vedr&ograve; morto con i miei occhi. E girer&ograve; il mondo p', 87),
(356, 'La grandezza di un uomo non si misura dalla sua altezza, ma dalla purezza del suo cuore!', 82),
(357, 'Per tutti i sette samurai!!!', 82),
(358, 'Qualunque sia il problema, le possibili soluzioni sono solo due: agire o non agire.', 79),
(359, 'Villaggio: gente. Gente: robba da magn&agrave;. Loggico, no???', 83),
(360, 'Al calar della notte sulla citt&agrave;, il profumo del caff&egrave; me fa ven&igrave; er batticore!', 88),
(361, 'BenveBURI!!', 86),
(362, 'Tutti cercano un posto dove tornare.', 79),
(363, 'Serve un motivo per voler salvare qualcuno? &Egrave; necessario avere un motivo per voler vivere? No. Finalmente me ne sono reso conto.', 79),
(364, 'La saggezza &egrave; una virt&ugrave;...se solo potesse aiutare a vivere!', 87),
(365, 'Cosa cerco in realt&agrave;? Forse...non voglio saperlo.', 84),
(366, 'Sono f-felice di avervi c-conosciuto.\r\nAvrei v-voluto stare con voi ancora,\r\nma il momento della s-separazione\r\np-purtroppo &egrave; a-arrivato!\r\n\r\nGrazie.\r\nAddio.\r\n\r\nLascer&ograve; i miei ricordi in cielo', 85),
(367, 'Fiuuuu. Mannaggia! Stavo pe divent&agrave; n''hamburger!!', 83),
(368, 'Essere o non essere, una linea tenue come la nebbia che svanisce al mattino.', 83),
(369, 'Essere dimenticati &egrave; peggio che morire.', 87),
(370, 'Vivere non &egrave; per niente facile. Oggi ho imparato questo.', 85),
(371, 'Bench&egrave; soffriate, il desiderio di attaccarvi alla vita &egrave; troppo forte. Questa malattia incurabile si chiama &quot;voglia di vivere&quot;.', 93),
(372, 'Anche se non ce la dovessimo fare, non sar&agrave; certo la fine. Perch&eacute; finch&egrave; c''&egrave; vita, ci sar&agrave; chi porter&agrave; dentro di s&egrave; il nostro ricordo. \r\nQuesto significa vivere!', 79),
(373, 'Quando cominci a capire come va la vita, non hai pi&ugrave; davanti il viso di tua madre, ma quello del nemico da vincere.', 84),
(374, 'Devo ammetterlo. Quella ragazza mi ha fatto provare qualcosa di speciale. La donna della mia vita? No... non pu&ograve; essere. Allora. perch&eacute; mi sento cos&igrave;? Non riesco a togliermela dalla testa...', 79),
(375, 'Quando la luna, medaglia preziosa, in cielo alta sta, il mio cuore innamorato qui al porto ti aspetter&agrave;!', 81),
(376, 'Ho girato tutto il mondo e alla fine ho capito una sola cosa. Che non ci capisco niente di niente!', 94),
(377, 'Kup&ograve; kup&ograve;!', 94),
(378, 'Per trovare l''altro mondo bisogna girare come pazzi su questo. &Egrave; il colmo!', 84),
(379, '.. E se il sole non vorr&agrave; benedirmi...almeno tu, luce lunare, esaudisci questo mio desiderio! Fammi rivedere la mia amata Daga!!', 79),
(380, 'Se i sogni sono infiniti, il cammino &egrave; sconfinato. Non sar&agrave; certo la paura a farti vedere la luce.', 95),
(381, 'Gidan, qui nun c''&egrave; sta nniente da magn&agrave;, solo sabbia e rocce... io me magno de tutto ma sta robba me sta indigesta.... ...almeno l''acqua &egrave; pulita.\r\n*SPLASH', 83),
(382, 'Dopo il giorno, vien la sera. Dopo l''inverno, la primavera. E la vita in fondo in fondo,\r\n&Egrave; un allegro girotondo!', 79),
(383, 'Kuja, n-non ti condanno per q-quello che hai fatto. A-anzi, ti ringrazio. C-ci hai dato un raggio di speranza.', 85),
(384, 'Fosti c-creato per uno s-scopo m-malvagio. Tuttavia, &egrave; nata una v-vita che ha vinto quella malvagit&agrave;. E noi v-vogliamo avere per s-sempre questo ricordo!', 85),
(385, 'Lo so, &egrave; strano a dirsi, ma v-vogliamo v-vivere credendoci! Vogliamo c-credere che l''avere il dono della v-vita in q-questo mondo, non s-sia un e-errore!', 85),
(386, 'Che significato ha la mia vita? Come vorrei viverla? Col vostro aiuto, ho trovato le risposte. Grazie amici.', 82),
(387, 'Vai, Vivi. Non preoccuparti per me. Un giorno, probabilmente farai la stessa cosa per chi &egrave; veramente importante per te. Garnet &egrave; per me importante pi&ugrave; di qualunque altra cosa.', 79),
(388, 'Com''&egrave; strano il mondo...uno &egrave; in missione, e si trova sposato!', 79),
(389, 'O per tutti i paladini!!', 82),
(390, 'Vigliacco &egrave; chi uccide senza motivo, non chi tiene in alta considerazione la vita altrui!', 79),
(391, 'I forti rubano la libert&agrave; ai deboli... E cos&igrave; sopravvivono! E'' la dura legge della vita.', 91),
(392, 'Ognuno fa una scelta in base alle circostanze del momento. Che senso ha giudicare dopo?', 79),
(393, 'Incredibile incontrarti qui! Amo il destino in cui voglio credere in questo momento!', 91),
(394, 'Non &egrave; ancora giunta l''ora di far riposare le tue ali. Non &egrave; questo il tuo nido. Devi tornare dalla tua mamma. E quando tornerai. ci sar&ograve; anch''io a darti il benvenuto!', 91),
(395, 'Vivi! Come sei cresciuto... ... ... poco!', 96),
(396, 'Viviamo non per dimenticare il passato, ma per imparare da esso.', 87),
(397, 'L''unica cosa che non mi avete insegnato &egrave; come combattere la solitudine. Forse, il modo devo trovarlo io!', 81),
(398, 'Gnammeteeeeeeeeeeeeeee!!!', 83),
(399, 'Ingresso vietato SINE CONDITIO!', 82),
(400, 'Se c''avessi ''na torta fra le mani, t''a tirerei in faccia!', 83),
(401, 'Scoprire il perch&egrave; del proprio essere &egrave; di sicuro pi&ugrave; allettante che conoscerlo e darlo per scontato.', 79),
(402, 'Per tutti i cavalieri della tavola rotonda! Che facezia &egrave; questa?!', 82),
(403, 'Perch&egrave; s-scappano? Gli star&ograve; a-antipatico?', 85),
(404, 'Ma perch&egrave; la regina Brahne ha fatto tutto questo? E mi ha anche chiesto di proteggere la principessa! Perch&egrave;. Perch&egrave;... Perch&egrave; TU QUOQUE BRUTU, FILI MIHI?!', 82),
(405, '... Il solito burignorante!', 86),
(406, 'L''esistenza di tali mostruosit&agrave; colpisce nel vivo il mio senso estetico.', 91),
(407, 'Devi avere fiducia in te stessa e nella tua vita.', 95),
(408, 'Volevo restarti vicino, cos&igrave; ho preso le sembianze di Mogu. Ma non preoccuparti, ti protegger&ograve; per sempre.', 97),
(409, 'Ora capisco come ci si sente quando si supera il limite della rabbia e della tristezza. Non riesco neppure a piangere!', 79),
(410, 'HA HA HA! Calimero qui, ha capito prima di te, ah!', 89),
(411, '.. Daga, qualora tu volessi piangere, potrai farlo sulla mia spalla!', 79),
(412, 'Amico, non posso vederti ridotto cos&igrave; per una donna!', 90),
(413, 'D''ora in poi non devi pi&ugrave; tacere. Devi far valere le tue ragioni, devi urlare con tutta la forza che hai e ribellarti!', 79);
INSERT INTO `app_frs_frase` (`IdFrase`, `Frase`, `IdEroe`) VALUES
(414, 'La vita non &egrave; eterna. ma mi avete insegnato che possiamo dargli un senso... aiutandoci a vicenda!', 87),
(415, 'I always talked about you, Zidane. How you were a very special person to us, because you taught us all how important life is. You taught me that life doesn''t last forever.', 85),
(416, 'That''s why we have to help each other and live life to the fullest. Even if you say goodbye, you''ll always be in our hearts. So, I know we''re not alone anymore.', 85),
(417, 'Why I was born... How I wanted to live... Thanks for...', 85),
(418, 'In the end, it boils down to two simple choices. Either you do or you don''t. You''d think with all the problems in this world, there''d be more answers. It''s not fair... but that''s the way things are. The choice is yours.', 79),
(419, 'Signore e signori, ho il piacere di presentarvi un''opera teatrale da noi realizzata ispirata ad una vecchia leggenda.', 89),
(420, 'La protagonista, la principessa Cornelia, viene allontanata dal suo dolce innamorato Marcus. Suo padre, il re Lear, sventa il tentativo di fuga di Cornelia dal castello dove la tiene segregata.', 89),
(421, 'La storia ha inizio. Preghiamo la Regina Brahne, Garnet e i nobili tutti quanti qui riuniti. di tenere a portata di mano un fazzoletto!', 89),
(422, 'Nessuno &egrave; inutile a questo mondo. Non sei stato forse tu a dirmi di salvarmi?', 79),
(423, 'Non importa quanto buia sia la notte, il mattino arriva sempre. E il nostro viaggio ricomincia.', 104),
(424, 'Comincia. Non piangere.', 108),
(425, 'Sin. &egrave; parte dell''infinito destino di Spira.', 107),
(426, 'I guardiani sono coloro a cui si pu&ograve; affidare tutto. Persino la vita. Averne tanti &egrave; una gioia e un onore. Mi reputo pi&ugrave; fortunata di mio padre.', 99),
(427, 'Quella notte parlammo per la prima volta. Non me ne accorsi subito, ma da quella notte tutto cambi&ograve;. Per tutti. Per me.', 3),
(428, 'Sono gli intercessori a dare il potere agli invocatori, non i templi o il credo.\r\nSe il clero ci ostacoler&agrave;. lotteremo contro Yevon!', 101),
(429, 'Credo che sognai. Sognai d''esser solo...\r\nVolevo qualcuno accanto a me. per non sentirmi pi&ugrave; solo.', 3),
(430, 'Ero disposta a morire. Vivo per la gente di Spira e sarei morta per loro. Ma ora basta! L''invocazione suprema... &egrave; una tradizione illusoria!', 99),
(431, 'Se adulti significa non poter dire quello che penso,allora non voglio crescere!', 3),
(432, 'Ed io.. Io che dicevo a Yuna..... Andiamo a Zanarkand! E sconfitto Sin. faremo un sacco di cose insieme. Io non sapevo la verit&agrave;... Ma Yuna, lei. Lei. Lei sorrideva.', 3),
(433, 'Preservate gli invocatori dai pericoli che corrono in pellegrinaggio? Ma senza invocatori, chi sconfigger&agrave; Sin? Volete progetterli, ok. Ma ci sono i guardiani! Lasciateci fare il nostro lavoro e gli invocatori saranno al sicuro. Giusto? . GIUSTO?!?', 3),
(434, 'Uh... What''s a "Sending"? .. Are we going somewhere?', 3),
(435, 'Non ci conosciamo bene ma... &egrave; strano... E'' cos&igrave; che ci si sente? E'' una sensazione inimmaginabile. Bella, ma anche dolorosa.', 99),
(436, 'Volevo ringraziarti di tutto. Forse &egrave; doloroso per questo... Se penso che non ci vedremo pi&ugrave;... ho paura.\r\n...\r\n...\r\nNon dovevo dirlo! Lo rifaccio daccapo', 99),
(437, 'Gli invocatori combattono Sin. I guardiani sacrificano la loro vita per proteggere i loro invocatori.', 101),
(438, 'I guardiani sacrificano la loro vita per proteggere i loro invocatori. Spira &egrave; piena di morte... solo Sin rinasce, ed &egrave; il solo a portare altra morte. Questo &egrave; un ciclo di morte, un circolo senza fine.', 101),
(439, 'Tengo i miei ricordi dentro di me. I ricordi sono belli ma sono solo ricordi.', 100),
(440, 'Ho deciso di proteggere Yunie. E'' tutto ci&ograve; che desidero.', 100),
(441, 'Il rito del trapasso. La gente muore, e Yuna danza...per quanto tempo ancora sar&agrave; costretta a danzare?', 3),
(442, 'Listen to my story. This. may be our last chance.', 3),
(443, 'E prima dell''alba andremo al mare. le luci si spengono. le stelle spariscono...e l''orizzonte si accende.. .Come se bruciasse... il mare. il cielo. l''intera citt&agrave;... Tutto si tinge di rosso! E'' stupendo.\r\nTi piacerebbe.', 3),
(444, '&Egrave; ora di scegliere!! Morire fuggendo dal dolore. o vivere affrontandolo! Plasmate la vostra storia con le vostre mani!!', 101),
(445, 'Ho imparato a sorridere anche quando sono triste.', 99),
(446, 'La vita &egrave; un sogno sfuggevole, ma la morte &egrave; eterna.', 106),
(447, 'Il giorno in cui Sin attacc&ograve; Zanarkand, mi ritrovai su Spira. Speravo avrebbe funzionato anche al contrario. Mi sbagliavo.', 3),
(448, 'Credo fu quel giorno. In mare, sotto il sole cocente, persi ogni speranza. Ero in un mondo sconosciuto. Non potevo tornare a casa. Questa era la mia nuova realt&agrave;. Per sempre.', 3),
(449, 'Questa &egrave; la mia storia. E continuer&agrave; come dico io, oppure finir&agrave; qui!', 3),
(450, 'Braska si &egrave; sacrificato perch&eacute; credeva in Yevon! E Jecht perch&eacute; credeva in Braska!', 101),
(451, 'Sai quante bistecche ci verrebbero?', 102),
(452, 'Spira &egrave; terra di tormenti in una spirale di morte. Per distruggerla e sanarla, io diventer&ograve; Sin. S&igrave;. con il tuo aiuto.', 106),
(453, 'La prossima volta non avr&ograve; piet&agrave;!!', 3),
(454, 'Ho giocato fin troppo alla vita.', 101),
(455, 'Povera creatura. Getti via la speranza? Bene. Ti liberer&ograve; prima che tu affoghi nel dolore.', 107),
(456, 'E'' meglio morire nella speranza, che vivere nella disperazione.', 107),
(457, 'Vivr&ograve;, anche se dovr&ograve; soffrire, per vincere il dolore. Vivr&ograve; e sar&ograve; forte! Non so quando, ma lo sconfigger&ograve;. E senza false speranze!', 99),
(458, 'Ti Amo.', 99),
(459, 'La speranza &egrave; una consolazione. Ci fa accettare il destino, triste che sia.', 107),
(460, 'Sarebbe cos&igrave; facile... affidarmi al destino. Proprio come ho fatto per tutta la vita. Ma non posso. Decider&ograve; io cosa fare. Senza pentirmene!', 99),
(461, 'Was I. the only one who didn''t know? . Tell me why! Why were you hiding it? Why didn''t I know?', 3),
(462, 'I morti necessitano di una guida. Si rammaricano per la loro morte e rifiutano il fato. Bramano ancora la vita. Ed invidiano i vivi.', 104),
(463, 'Col tempo l''invidia tramuta la rabbia in odio. Se le anime restano su Spira, diventano mostri. Triste, no? Il rito li trapassa nell''Oltremondo dove riposeranno in pace.', 104),
(464, 'Sarebbe bello vivere in un posto cos&igrave;... ogni giorno con il sorriso.', 99),
(465, 'Vuoi un drink?', 104),
(466, 'Ho vissuto troppo a Zanarkand.', 101),
(467, 'Gli uomini muoiono.\r\nLe belve muoiono.\r\nGli alberi muoiono.\r\nPersino i continenti.\r\nSolo il potere della morte domina completamente Spira. &Egrave; inutile resistergli', 109),
(468, 'Efrey, il drago guardiano, la belva sacra protettrice di Bevelle. Il tappeto rosso ha i denti.', 101),
(469, 'The players fight with all their strength: the fans cheer for their favorite team. They forget pain, suffering... Only the game matters! That''s why blitz has been around for so long. Least that''s what I think.', 102),
(470, 'To have so many guardians is a joy, and an honour! Even more so than being my father''s daughter. Of course, I would never think of questioning your ways, either. So, Lady Dona, I ask of you: please leave us in peace.', 99),
(471, 'Toglitela dalla testa.', 102),
(472, 'Once Lady Yuna fixes her hair, we leave.', 101),
(473, 'I will defeat Sin. I must defeat Sin.', 99),
(474, 'Molte storie sono finite,oggi... ma la tua continua.', 101),
(475, 'Prendi. Spero tu sappia usarla.', 101),
(476, 'Estinta la vita su Spira, finir&agrave; anche la sofferenza. Perci&ograve; ho bisogno di te, Yuna.', 106),
(477, 'Vieni. Andremo a Zanarkand, la citt&agrave; dei morti e con la morte salveremo Spira. Ghermir&ograve; la tua forza e la tua vita e sar&ograve; un nuovo Sin. Distrugger&ograve; Spira, la redimer&ograve;!', 106),
(478, 'Ci&ograve; che sto per dire &egrave; l''assoluta verit&agrave;, lo giuro sul mio onore di Guado.', 110),
(479, 'Ascolta attentamente: si tratta di mio figlio Seymour. La sua mente &egrave; un mistero anche per me, maestro di Yevon. Nel suo cuore per&ograve; ardono fiamme oscure.', 110),
(480, 'Seymour sta usando Yevon, i Guado e gli invocatori, se nessuno lo fermer&agrave;, porter&agrave; il caos e la distruzione su Spira. Presto lascer&ograve; questo mondo, ucciso da mio figlio stesso. Tuttavia non lo biasimo.', 110),
(481, 'Seymour ha sofferto per la mia mancanza di saggezza.\r\nNon riuscii a proteggere lui e sua madre dalla crudelt&agrave; del mondo.\r\nAccetter&ograve; la morte come castigo.', 110),
(482, 'Sperai non ci sarebbe pi&ugrave; stata una prossima volta. Non pi&ugrave; vittime di Sin. Non pi&ugrave; riti del trapasso. Yuna era l&igrave;, tutti la guardavano. Era strano... Raccapricciante. Sperai di non doverlo vedere mai pi&ugrave;.', 3),
(483, 'La prossima volta, per&ograve;, non piangere.', 104),
(484, 'Ci sono gi&agrave; due guardiani dentro. C''&egrave; una che s''incavola subito, uno che non si capisce che pensa.', 102),
(485, 'Vivi e lascia vivere!', 3),
(486, 'This is your story. It all begins here.', 101),
(487, 'Just one more thing.\r\nThe people and the friends we have lost... or the dreams that have faded. \r\n...\r\nNever forget them.', 99),
(488, 'Tutti dimenticano i dolori. Esiste solo la partita.', 102),
(489, 'Before, the closer we got to Zanarkand, the more I wondered. When we arrived, Braska would call the Final Aeon. He would fight Sin, then die. I thought my mind was made up long before, but as I stood here my resolve wavered.', 101),
(490, 'I''ve... learned how to smile... Even when I''m feeling sad.', 99),
(491, 'My father... my father wanted... to make Spira''s sorrow go away. Not just cover it up with lies!', 99),
(492, 'Every blitzer knows: when you got the ball, you gotta score!', 3),
(493, 'Praise be to Yevon.', 102),
(494, 'Only those who try will become.', 103),
(495, 'You''ll cry, you''re gonna cry, you always cry. See? You''re crying.', 105),
(496, 'In dark times, she must be. She must shine bright.', 103),
(497, 'Yuna chose her own path. She knew from the beginning what it meant. All we can do is protect her along the way. Until the end.', 104),
(498, 'Sin &egrave; parte dell''infinito destino di Spira.', 107),
(499, 'This is your world, now.', 101),
(500, 'Il futuro &egrave; scritto nel passato.', 114),
(501, 'Le persone pi&ugrave; difficili da conoscere siamo noi stessi.', 113),
(502, 'Non toccarmi.', 111),
(503, 'Ho cercato di fare il wakka blitzer, il wakka guardiano, il wakka yevonita, il wakka padre. ma alla fine sono soltanto me stesso. Non posso sfornare un Wakka per ogni occasione.', 115),
(504, 'Se lottiamo per conservare un ricordo, finiremo col perderli tutti.', 111),
(505, 'Tutto &egrave; iniziato quando ti ho visto in quella sfera.', 111),
(506, 'Y R P, in position. It''s show time, girls!', 112),
(507, 'Trova una sfera ed appare la fiera!', 113),
(508, 'I don''t like your plan. It sucks.', 111),
(509, 'Do you think we need a password?', 112),
(510, 'A volte mi ritrovo l&igrave;, ferma... ad ascoltare il tuo fischio.', 111),
(511, 'Io sono il protagonista , e il protagonista nn muore MAI!', 117),
(512, 'Il passato pu&ograve; imprigionare un uomo quanto una catena.', 125),
(513, 'Io sono semplicemente me stessa. Nulla di pi&ugrave; nulla di meno. E voglio solo essere libera.', 123),
(514, 'Ascolta...se sei confuso, noi siamo qui accanto a te! Balthier, il Giudice alato, gli Aegyl...lo so che i problemi sono tanti... ma non puoi pensare di risolvere tutto da solo. Non &egrave; da te!', 118),
(515, 'Da quando ti conosco non fai altro che darmi pensieri. Ma non preoccuparti, tanto ormai ci sono abituata.', 118),
(516, 'Ti confesso che a volte volare mi fa paura. \r\nMa tu mi rassicuri, mi dici sempre: "Ci sono qui io!". E allora ogni timore scompare. Se riesco a volare, &egrave; solo grazie a te.', 118),
(517, 'Anche con il potere, non possiamo cambiare il passato. Ci&ograve; che &egrave; stato &egrave; stato.', 123),
(518, 'Con la spada aiuter&agrave; i suoi alleati, con la spada seppellir&agrave; i suoi nemici.', 123),
(519, 'Sono il protagonista, potrei dover fare un gesto eroico.', 117),
(520, 'Se non ti fidi dei tuoi simili di chi ti puoi fidare?', 116),
(521, 'Sarannno pure dei,ma gli arbitri del nostro destino siamo noi.', 119),
(522, 'Non sono la salvatrice di nessuno!', 123),
(523, 'Try to grow up, please.', 118),
(524, 'Anche con il potere non possiamo cambiare il passato. Ci&ograve; che &egrave; stato &egrave; stato.', 123),
(525, 'Su quali spalle &egrave; meglio appoggiarsi, se non quelle dei futuri dei?', 121),
(526, 'Ah ah ah ah! Frammenti di negalite! Bozzolo della crisalide!  Riversate il vostro mystes su Ivalice.', 121),
(527, 'Che il mare e il cielo siano inondati di mystes, e Bahamut possa abbeverarsene! Guardate come brilla luminosa la loro fiamma! Che rigetti le ombre del disegno degli Occuria. Testimonianza che la storia sar&agrave; solo dell''uomo!', 121),
(528, 'Io sono un Giudice Magister. Anche in disgrazia. &egrave; il giusto compenso per aver aiutato l''impero che ha distrutto la mia patria.', 120),
(529, 'Gli Huma distorcono la trama della Storia. Con affanno vivono la loro vita troppo breve. Spinti all''errore da vili desideri, corrono verso la rovina.', 126),
(530, 'Immortali, noi Occuria illuminiamo il cammino agli indocili figli dell''Uomo.\r\nSpesso abbiamo loro risparmiato il castigo affinch&eacute; Ivalice sopravvivesse.\r\nEterni, noi vigiliamo sulla Storia, per stabilirne il corso e farlo rispettare.', 126),
(531, 'Nostro braccio e pugno, il prescelto decide chi risparmiare e chi annientare.\r\nPrincipessa tu sei stata scelta.\r\nVendicati di coloro che ti hanno tolto il regno.\r\nSvolgi il tuo ruolo di salvatrice.', 126),
(532, 'Compi il tuo dovere! Tu hai resistito alle loro lusinghe! Rinunciando alle pietre, tu ci dai la libert&agrave; di scrivere la nostra Storia.', 121),
(533, 'Gli Occuria danno agli uomini il potere, come il padrone nutre il proprio cane, per addomesticarli. Tu hai resistito alle loro lusinghe! Rinunciando alle pietre, tu ci dai la libert&agrave; di scrivere la nostra Storia.', 121),
(534, 'Il nostro caro Cid? Ucciso dal figlio. Una storia comune ai nostri giorni.', 122),
(535, 'Avevo qualcuno pi&ugrave; importante da proteggere e l''ho protetta.', 119),
(536, 'Siamo tutti identici... Da compagni, non dovremmo condividere lo stesso fardello?', 127),
(537, 'In ogni caso, ho amici su cui poter contare. Ce la far&ograve;!', 135),
(538, 'Avrei potuto fermare la pioggia. Le lacrime, invece, continuavano a scorrere.', 129),
(539, 'Combattere senza sperare non &egrave; vivere. E'' come morire.', 127),
(540, 'Renderemo possibile l''impossibile grazie alla speranza.', 132),
(541, 'E'' facile farsi ingannare. D''ora in poi guarder&ograve; con i miei occhi. Penser&ograve;. E agir&ograve;.', 130),
(542, 'Guarda avanti. Io ti coprir&ograve; le spalle.', 127),
(543, 'Non &egrave; questione di essere capaci o no. Si tratta di agire', 127),
(544, 'Come si possono giudicare le persone, sapendo che anche noi siamo come loro?', 127),
(545, 'Anche se non sappiamo cosa succeder&agrave;, dobbiamo credere nei nostri sogni. Avere qualcosa per cui andare avanti.', 129),
(546, 'Non prendo ordini da nessuno. Come vivere lo decido io.', 127),
(547, 'Quando non vedevo nessun futuro e avevo paura, quando il futuro era chiaro e riconoscerlo era una sofferenza. Chiudevo gli occhi e mi lasciavo riportare a giorni pi&ugrave; felici.', 129),
(548, 'Nella vita l''importante &egrave;... stare insieme.', 128),
(549, 'Avevo delle incertezze. Ma ero anche convinta che insieme avremmo potuto cambiare il nostro destino.', 129),
(550, 'Ok, &egrave; l''ora di squagliarsela. Non di scappare, &egrave; diverso!', 131),
(551, 'La salvezza nasce dal sacrificio, i miracoli dalla disperazione.', 127),
(552, 'E'' sempre bello essere tra amici. Il divertimento raddoppia e le preoccupazioni spariscono. E niente pu&ograve; far paura, basta avere qualcuno accanto.', 129),
(553, 'Animali da compagnia. Per loro siamo solo animali da compagnia. E'' vero. Cos&igrave; ha senso. Come ho fatto a non capirlo.', 127),
(554, 'Pensavo che sarei cresciuta se avessi abbandonato il nome che mi avevano dato i miei genitori. Ma non sono riuscita a proteggerla. Anzi. le ho solo fatto del male. Serah ha provato a dirmelo. e non le ho voluto credere.', 127),
(555, 'Sono nata in un mondo di Fal''Cie\r\ncresciuta al loro guinzaglio.Era l''unica vita che conoscevo. Quando me l''hanno tolta, mi sono sentita persa. Senza un padrone da seguire, non avevo pi&ugrave; uno scopo.', 127),
(556, 'Hope ascoltami: diventando l''Cie ho perduto tutto ci&ograve; che avevo. Il mio futuro. I miei sogni. Non volevo pensare e cos&igrave; ho combattuto. Combattere era la mia unica realt&agrave; ma non stavo che fuggendo.', 127),
(557, 'Ciao!', 129),
(558, 'For every task, there''s a perfect tool!', 132),
(559, 'Scappare e lasciare le persone a cui vuoi bene, non &egrave; amore. Anche se &egrave; per proteggerle, se le escludi dalla tua vita le fai soffrire ancora di pi&ugrave;.', 135),
(560, 'Non puoi usare cos&igrave; le persone!', 128),
(561, 'Cos''altro si pu&ograve; fare con degli strumenti?', 133),
(562, 'Popolo di Cocoon, miei cari concittadini. Emergiamo dal crepuscolo per salutare insieme l''alba in cui decideremo il nostro destino.', 134),
(563, 'Molte sono le cose che abbiamo appreso\r\ndurante il lungo buio costellato di avversit&agrave; e sacrifici. E ora &egrave; il momento di compiere delle scelte dettate dal nostro cuore\r\nnon lasciate alla merc&egrave; del fato!', 134),
(564, 'Dobbiamo avanzare con intrepido coraggio\r\ne onorare con l''azione i caduti.\r\nCon queste mani forgeremo il futuro!', 134),
(565, 'Se vuoi la tranquillit&agrave; prendi il prossimo treno!', 127),
(566, 'Noi fal''Cie siamo nati per uno scopo preciso e con il potere unico di realizzarlo. Gli umani sono diversi. Gli umani sognano, desiderano e con la forza di volont&agrave; ottengono l''impossibile. Il vostro potere &egrave; senza limiti.', 136),
(567, 'Noi scegliamo i l''Cie di cui possiamo sfruttare la forza. Grazie a voi, siamo stati liberati dalle nostre costrizioni. E ora, rimane solo la vostra missione. Rifiutatela, e tutto sar&agrave; vanificato.', 136),
(568, 'Il sacrificio di Cocoon e quello di Gran Pulse. Ma se richiamiamo l''Arteficie avremo l''occasione di ricominciare da capo. I nostri peccati saranno assolti e il mondo rinascer&agrave;!', 136),
(569, 'Sei stanca di vivere con la tua colpa? Allora muori con lei!', 131),
(570, 'Se ti abbandoni al dubbio la disperazione ti uccider&agrave;.', 127),
(571, 'Quando si tratta di casa e famiglia, non le consideriamo mai come dovremmo.  Chi si ferma mai a pensare che ogni volta potrebbe essere l''ultima?', 129),
(572, 'Wishes can come true, but not if you just wait for miracles, miracles are things we make for ourselves. Here and now.', 129),
(573, 'Stare da soli va anche bene credo. Si. Lo pensavo prima di incontrarti. Ma poi ti ho trovata. E ora so che c''&egrave; qualcosa di meglio... Stare insieme.', 128),
(574, 'Non si tratta di essere capaci o no. Nella vita ci sono cose che si fanno e basta.', 127),
(575, 'Ti star&ograve; vicino, qualunque cosa accada. Sono tuo per sempre.', 128),
(576, 'Ti trover&ograve;, ovunque tu sia.', 132),
(577, 'Ogni minuto perso &egrave; una sfida al destino.', 130),
(578, 'Le parole non possono cambiare le cose.', 130),
(579, 'Quello &egrave; il tuo futuro. Devi solo sopravvivere. E'' semplice!', 132),
(580, 'Se vuoi sopravvivere, dimentica la compassione.', 127),
(581, 'Sapevo che presto ci saremmo separati. Era meglio farlo con un sorriso.', 129),
(582, 'Questa &egrave; la mia fine. La fine che ho scelto.', 137),
(583, 'Control your emotions, if you want to survive you forget about sympathy. Think of it like a strategy, focus on your ultimate goal, shut out everything else, steel your mind, move on instinct; let doubt take over and despair will cripple you.', 127),
(584, 'Worst birthday ever.', 127),
(585, 'When I couldn''t see a future and I was afraid. When the future was clear and it hurt to see, I just close my eyes and lose myself in happier days.', 129),
(586, 'Lightning. It flashes bright, then... fades away. It can''t protect. It only destroys.', 127),
(587, 'Se si ha un obiettivo, si pu&ograve; combattere?', 130),
(588, 'Devo continuare a sorridere.', 129),
(589, 'Se ti abbandoni al dubbio, la disperazione ti paralizzer&agrave;.', 127),
(590, 'A shadow of a dream from when I was human. It was change I craved, and once I''d built the influence to make things happen, there was change.', 134),
(591, 'I gained all the power I could hope for, but was a puppet with no will to wield it. It wasn''t the fal''cie that changed, it was me.', 134),
(592, 'If you''re all sticking to that choice, then I''ll show you mine!', 132),
(593, 'Let Cocoon get what''s coming! They hate us for being L''Cie. Better that than watch a friend go Cie''th. If none of you are going to do it, I''ll go it alone, get stronger and smash Cocoon outta the sky.', 132),
(594, 'You think you just die and everything''ll be sugar and rainbows?!', 131),
(595, 'A lot of things are excusable...but shooting kids ain''t one.', 131),
(596, 'Forse. O forse alimenter&ograve; la paura verso i lupi di Pulse e lascer&ograve; che le pecore si massacrino a vicenda. In ogni caso la fine &egrave; vicina! E voi. vi unite a me nei festeggiamenti?', 133),
(597, 'Un l''cie. Incatenato ad una missione inevitabile... uno schiavo del destino. Avevo perso la speranza. Avevo rinunciato a tutto tranne ai sogni di libert&agrave;.', 134),
(598, 'Ci considerano speciali, come se fossimo... Come animali da compagnia!', 130),
(599, 'Io sono Baldanders, Voce del Sanctum, signore e sovrano dei fal''cie del Sanctum!', 133),
(600, 'Nel giorno dell''ira, oh l''cie di Pulse, asseconda il tuo fato, brucia la tua dimora.', 133),
(601, 'Le anime estinte accolgano la nostra supllica, affrettino il ritorno del divino. Oh miserevole errante, Ragnarok. Fa che questo giorno inauguri un''epoca mirabile. Conduci il divino, Ragnarok.', 133),
(602, 'Su ordine dei Fal''Cie ho orchestrato un massacro. Tutto per rispondere alle paure di un popolo terrorizzato.', 137),
(603, 'Nessuno ha mai detto che il futuro sarebbe stato facile. Ma quella notte abbiamo visto un sogno brillare nel cielo. Il tenue barlume della speranza di poter cambiare il nostro destino.', 129),
(604, 'Il mondo &egrave; pieno di falsit&agrave;. Non si pu&ograve; mai sapere cosa &egrave; giusto. Bisogna avere fiducia in s&egrave; stessi. E'' facile lasciarsi ingannare.', 130),
(605, 'Mi fai un favore? Continua a sorridere. Sai, vederti sorridere mi rende felice.', 130),
(606, 'Sai, a volte le cose si semplificano se le guardi a distanza.', 135),
(607, 'Indietro non si torna.', 127),
(608, 'Sai,a volte anche le bugie servono, per andare avanti quando si ha paura. O per proteggere qualcuno,fare in modo che non soffra.', 130),
(609, 'A volte, anche le cose che chiunque al mondo darebbe per vere si rivelano false. Alla fine, non &egrave; importante la bugia in s&eacute;, ma quello che si fa dopo. Se ci impegnamo a fondo, possiamo rendere vere le cose.', 130),
(610, 'Come si pu&ograve; giudicare le persone, sapendo che anche noi siamo come loro?', 127),
(611, 'Anche se &egrave; stato solo un po'', ho dubitato di lei. Ma io sono ancora tuo amico.', 16),
(612, 'Tu con una donna? Ma se non sai nemmeno calciare un pallone!', 105),
(613, 'Sento il bonacciale eterno svanire sotto i nostri piedi.', 111),
(614, 'Di chi sono questi sentimenti? Di Lenne? Miei?', 111),
(615, 'Fratley.. Non sei pi&ugrave; tornato indietro.. Mi hai lasciata senza niente eccetto dei sospetti sulla tua morte. Io non posso crederci! Io non voglio crederci! Mai. Non fino a quando non ti vedr&ograve; morto con i miei occhi. E girer&ograve; il mondo p', 87),
(616, 'Io non sono altro che la combinazione delle cellule di Jenova, della volont&agrave; di Sephiroth, e della mia debolezza.. Io sono Cloud, il maestro del mio mondo illusionario.', 1),
(617, 'L''esistenza stessa dei l''Cie ci mette in pericolo. Dimmi. Credi davvero che la tua vita valga pi&ugrave; di quella di milioni di cittadini di Cocoon?', 137),
(618, 'Serah ci ha detto di salvare Cocoon. Vuol dire che questo deve morire!', 127),
(619, 'Cosa succede quando quello che fai distrugge la vita di qualcuno? Come rimedi a ci&ograve; che hai fatto?', 130),
(620, 'Serah &egrave; sempre stata qui... sempre qui a proteggermi.', 128),
(621, 'La mia lama ha bisogno di un nuovo fodero. chi si offre?', 113),
(622, 'Col carattere che ho, non credo d''essere mai stato adottato. stesso discorso vale per Seifer.', 2),
(623, 'Soldati dell''impero! &Egrave; l''alba di una nuova era! La magia, che credevamo perduta, &egrave; tornata nelle nostre mani! Siamo gli eletti! &Egrave; giunto il momento di rivendicare il nostro dominio sul mondo intero! Niente ci potr&agrave; fermare!', 138),
(624, ' Non preoccuparti! Star&ograve; al tuo fianco finch&egrave; non ti torner&agrave; la memoria! Non sono certo il tipo che abbandona le persone per un nonnulla! Ti protegger&ograve;, te lo prometto!', 16),
(625, 'Io non so cosa devo fare. Non appena mi metto a pensare, il mio mal di testa peggiora.', 22),
(626, 'Credo di non avere scelta. o forse s&igrave;!', 69),
(627, 'Perch&eacute; faccio la cacciasfere se ci&ograve; che cerco non pu&ograve; essere trovato?', 111),
(628, 'Procederete verso un vero campo di battaglia dov''&egrave; in corso una vera guerra. Vita e morte, vittoria e sconfitta, gloria e umiliazione. vi aspettano. In un mondo, ragazzi, che voi ancora non conoscete. Allora? Nessuno ha paura?', 139),
(629, 'Il vanto del Garden di Balamb, le nostre truppe scelte SeeD. Imparate da loro, seguite le loro indicazioni e superate l''esame. Dimostrategli di avere le carte giuste per essere come loro.', 139),
(630, 'Non abbiamo ancora specialisti di Gunblade. Per questo vorrei che tu e Seifer riusciste a diventare SeeD.', 139),
(631, 'Sei tu lo specialista del Gunblade.', 139),
(632, 'Ormai non si pu&ograve; pi&ugrave; tornare indietro. Cosa c''&egrave;? Sei nervoso? . Non deludermi anche tu!', 45),
(633, 'Ohi! Codardi! Uscite fuori! Mi state facendo annoiare!', 45),
(634, 'Rinoa, anche se dovessi combattere contro il mondo intero io. io sar&ograve; il tuo cavaliere.', 2),
(635, 'Cane randagio il tradimento ha un prezzo.', 122),
(636, 'Anche un cane randagio ha il suo orgoglio!', 120),
(637, 'Vorremmo organizzare un concerto e dedicarlo ad una persona che sta facendo molto per tutti noi: Squall! Vorrei che questo concerto fosse un regalo da tutti i suoi amici.', 41),
(638, 'Squall! Questo concerto &egrave; dedicato a te! Ecco la sensazionale band di Selphie!!', 41),
(639, 'Il tempo, lo spazio, le persone con cui voglio stare.andiamo l&agrave; dove Squall mi ha promesso!', 44),
(640, 'Torniamo a casa, ritorniamo al nostro tempo!', 42),
(641, 'Picciotti! Quattro colpi allora li sapete dare, ah! HA HA HA! Su, comincia la rriunione, ah!', 89),
(642, 'Raneee. Boneeeeeeeeeeeeee!!', 83),
(643, 'Non &egrave; ancora finita! Io rinascer&ograve; sempre perch&eacute;.se c''&egrave; vita, c''&egrave; anche la MORTE!', 93),
(644, 'Perch&eacute; respingete la mia risposta? &Egrave; cos&igrave; forte la vostra voglia di vivere??', 93),
(645, 'Per me &egrave; ora di prendere una decisione. Per voi, non ancora.', 79),
(646, 'Dopo i quattro Kaos anche Adegheiz. Mi aspetta la morte, ma voi verrete con me. e il nulla regner&agrave;!!', 91),
(647, 'Ugh. Mi avete sconfitto. Finalmente smetter&ograve; d''aver paura. Muoio. Ma non da solo. Voi verrete con me!', 91),
(648, 'Senti, se vincemo, quando tornamo a casa se famo ''na bella magnata tutti insieme!', 83),
(649, 'N-non sono f-forte, ma ti aiuter&ograve; lo stesso.', 85),
(650, 'Non ti preoccupare per me! Io non ho paura. Dagliele pure da parte mia!', 81),
(651, 'La paura non ci fermer&agrave;!', 79),
(652, 'Seymour e'' andato al tempio di Macarena!!', 3),
(653, 'Yuna , questa &egrave; la nostra storia; continuiamola insieme!', 3);

-- --------------------------------------------------------

--
-- Struttura della tabella `app_users`
--

CREATE TABLE IF NOT EXISTS `app_users` (
`id` int(11) NOT NULL,
  `username` varchar(256) NOT NULL,
  `password` varchar(256) NOT NULL,
  `level` varchar(12) NOT NULL DEFAULT 'user'
) ENGINE=InnoDB AUTO_INCREMENT=3 DEFAULT CHARSET=utf8;

--
-- Dump dei dati per la tabella `app_users`
--

INSERT INTO `app_users` (`id`, `username`, `password`, `level`) VALUES
(1, 'amministratore', 'e792cd9665119b1244e8afcf36fb5f48', 'admin'),
(2, 'utente', '3ce98305181b1bac59d024a49b0ffd73', 'user');

--
-- Indexes for dumped tables
--

--
-- Indexes for table `app_frs_capitoli`
--
ALTER TABLE `app_frs_capitoli`
 ADD PRIMARY KEY (`IdCapitolo`), ADD KEY `IdCapitolo` (`IdCapitolo`);

--
-- Indexes for table `app_frs_eroi`
--
ALTER TABLE `app_frs_eroi`
 ADD PRIMARY KEY (`IdEroe`), ADD KEY `IdEroe` (`IdEroe`), ADD KEY `IdCapitoli` (`IdCapitoli`);

--
-- Indexes for table `app_frs_frase`
--
ALTER TABLE `app_frs_frase`
 ADD PRIMARY KEY (`IdFrase`), ADD KEY `IdEroe` (`IdEroe`), ADD KEY `IdFrase` (`IdFrase`);

--
-- Indexes for table `app_users`
--
ALTER TABLE `app_users`
 ADD PRIMARY KEY (`id`);

--
-- AUTO_INCREMENT for dumped tables
--

--
-- AUTO_INCREMENT for table `app_frs_capitoli`
--
ALTER TABLE `app_frs_capitoli`
MODIFY `IdCapitolo` int(11) NOT NULL AUTO_INCREMENT,AUTO_INCREMENT=19;
--
-- AUTO_INCREMENT for table `app_frs_eroi`
--
ALTER TABLE `app_frs_eroi`
MODIFY `IdEroe` int(11) NOT NULL AUTO_INCREMENT,AUTO_INCREMENT=140;
--
-- AUTO_INCREMENT for table `app_frs_frase`
--
ALTER TABLE `app_frs_frase`
MODIFY `IdFrase` int(11) NOT NULL AUTO_INCREMENT,AUTO_INCREMENT=654;
--
-- AUTO_INCREMENT for table `app_users`
--
ALTER TABLE `app_users`
MODIFY `id` int(11) NOT NULL AUTO_INCREMENT,AUTO_INCREMENT=3;
/*!40101 SET CHARACTER_SET_CLIENT=@OLD_CHARACTER_SET_CLIENT */;
/*!40101 SET CHARACTER_SET_RESULTS=@OLD_CHARACTER_SET_RESULTS */;
/*!40101 SET COLLATION_CONNECTION=@OLD_COLLATION_CONNECTION */;
